#
# There is insufficient memory for the Java Runtime Environment to continue.
# Native memory allocation (mmap) failed to map 16777216 bytes. Error detail: Failed to reserve memory for metaspace
# Possible reasons:
#   The system is out of physical RAM or swap space
#   In 32 bit mode, the process size limit was hit
# Possible solutions:
#   Reduce memory load on the system
#   Increase physical memory or swap space
#   Check if swap backing store is full
#   Use 64 bit Java on a 64 bit OS
#   Decrease Java heap size (-Xmx/-Xms)
#   Decrease number of Java threads
#   Decrease Java thread stack sizes (-Xss)
#   Set larger code cache with -XX:ReservedCodeCacheSize=
# This output file may be truncated or incomplete.
#
#  Out of Memory Error (virtualSpaceNode.cpp:249), pid=27584, tid=25448
#
# JRE version: OpenJDK Runtime Environment Temurin-17.0.11+9 (17.0.11+9) (build 17.0.11+9)
# Java VM: OpenJDK Client VM Temurin-17.0.11+9 (17.0.11+9, mixed mode, emulated-client, serial gc, windows-x86)
# No core dump will be written. Minidumps are not enabled by default on client versions of Windows
#

---------------  S U M M A R Y ------------

Command Line: --add-opens=java.base/java.lang=ALL-UNNAMED --add-opens=java.base/java.lang.invoke=ALL-UNNAMED --add-opens=java.base/java.util=ALL-UNNAMED --add-opens=java.prefs/java.util.prefs=ALL-UNNAMED --add-exports=jdk.compiler/com.sun.tools.javac.api=ALL-UNNAMED --add-exports=jdk.compiler/com.sun.tools.javac.util=ALL-UNNAMED --add-opens=java.base/java.util=ALL-UNNAMED --add-opens=java.prefs/java.util.prefs=ALL-UNNAMED --add-opens=java.base/java.nio.charset=ALL-UNNAMED --add-opens=java.base/java.net=ALL-UNNAMED --add-opens=java.base/java.util.concurrent.atomic=ALL-UNNAMED --add-opens=java.xml/javax.xml.namespace=ALL-UNNAMED -Xmx1536m -Dfile.encoding=windows-1252 -Duser.country=IN -Duser.language=en -Duser.variant -javaagent:C:\Users\piyus\.gradle\wrapper\dists\gradle-8.11.1-bin\bpt9gzteqjrbo1mjrsomdt32c\gradle-8.11.1\lib\agents\gradle-instrumentation-agent-8.11.1.jar org.gradle.launcher.daemon.bootstrap.GradleDaemon 8.11.1

Host: 13th Gen Intel(R) Core(TM) i5-13420H, 12 cores, 15G,  Windows 11 , 64 bit Build 26100 (10.0.26100.8521)
Time: Sat May 30 17:39:24 2026 India Standard Time elapsed time: 320.665523 seconds (0d 0h 5m 20s)

---------------  T H R E A D  ---------------

Current thread (0x74268f58):  JavaThread "Execution worker" [_thread_in_vm, id=25448, stack(0x701f0000,0x70240000)]

Stack: [0x701f0000,0x70240000]
Java frames: (J=compiled Java code, j=interpreted, Vv=VM code)
J 729  java.lang.ClassLoader.defineClass1(Ljava/lang/ClassLoader;Ljava/lang/String;[BIILjava/security/ProtectionDomain;Ljava/lang/String;)Ljava/lang/Class; java.base@17.0.11 (0 bytes) @ 0x03b7b1d7 [0x03b7b120+0x000000b7]
J 1166 c1 java.lang.ClassLoader.defineClass(Ljava/lang/String;[BIILjava/security/ProtectionDomain;)Ljava/lang/Class; java.base@17.0.11 (43 bytes) @ 0x03c1640c [0x03c16350+0x000000bc]
J 3292 c1 java.net.URLClassLoader.defineClass(Ljava/lang/String;Ljdk/internal/loader/Resource;)Ljava/lang/Class; java.base@17.0.11 (224 bytes) @ 0x03ecd024 [0x03ecc790+0x00000894]
J 3282 c1 java.net.URLClassLoader$1.run()Ljava/lang/Class; java.base@17.0.11 (81 bytes) @ 0x03ec9ba8 [0x03ec9990+0x00000218]
J 685 c1 java.net.URLClassLoader.findClass(Ljava/lang/String;)Ljava/lang/Class; java.base@17.0.11 (47 bytes) @ 0x03b71950 [0x03b71890+0x000000c0]
J 11486 c1 org.gradle.internal.classloader.VisitableURLClassLoader$InstrumentingVisitableURLClassLoader.findClass(Ljava/lang/String;)Ljava/lang/Class; (36 bytes) @ 0x04975d58 [0x04975d10+0x00000048]
J 630 c1 java.lang.ClassLoader.loadClass(Ljava/lang/String;Z)Ljava/lang/Class; java.base@17.0.11 (121 bytes) @ 0x03b5b62c [0x03b5b460+0x000001cc]
J 637 c1 java.lang.ClassLoader.loadClass(Ljava/lang/String;)Ljava/lang/Class; java.base@17.0.11 (7 bytes) @ 0x03b5ddcc [0x03b5dda0+0x0000002c]
v  ~StubRoutines::call_stub
j  com.android.tools.build.libraries.metadata.AppDependencies.internalGetFieldAccessorTable()Lcom/google/protobuf/GeneratedMessageV3$FieldAccessorTable;+0
j  com.google.protobuf.GeneratedMessageV3.getDescriptorForType()Lcom/google/protobuf/Descriptors$Descriptor;+1
j  com.google.protobuf.TextFormat$Printer.print(Lcom/google/protobuf/MessageOrBuilder;Lcom/google/protobuf/TextFormat$TextGenerator;)V+1
j  com.google.protobuf.TextFormat$Printer.print(Lcom/google/protobuf/MessageOrBuilder;Ljava/lang/Appendable;)V+6
j  com.google.protobuf.TextFormat$Printer.printToString(Lcom/google/protobuf/MessageOrBuilder;)Ljava/lang/String;+11
j  com.google.protobuf.AbstractMessage.toString()Ljava/lang/String;+4
j  com.android.build.gradle.internal.tasks.SdkDependencyDataGeneratorTask.doTaskAction()V+264
j  com.android.build.gradle.internal.tasks.NonIncrementalTask$taskAction$$inlined$recordTaskAction$1.invoke()V+16
j  com.android.build.gradle.internal.tasks.Blocks.recordSpan(Ljava/lang/String;Lcom/google/wireless/android/sdk/stats/GradleBuildProfileSpan$ExecutionType;Lcom/android/build/gradle/internal/profile/AnalyticsService;Lcom/android/build/gradle/internal/tasks/Blocks$ThrowingBlock;)V+12
j  com.android.build.gradle.internal.tasks.NonIncrementalTask.taskAction()V+37
v  ~StubRoutines::call_stub
J 2219  jdk.internal.reflect.NativeMethodAccessorImpl.invoke0(Ljava/lang/reflect/Method;Ljava/lang/Object;[Ljava/lang/Object;)Ljava/lang/Object; java.base@17.0.11 (0 bytes) @ 0x03d5469d [0x03d54620+0x0000007d]
J 2218 c1 jdk.internal.reflect.NativeMethodAccessorImpl.invoke(Ljava/lang/Object;[Ljava/lang/Object;)Ljava/lang/Object; java.base@17.0.11 (137 bytes) @ 0x03d54b98 [0x03d54970+0x00000228]
J 1731 c1 jdk.internal.reflect.DelegatingMethodAccessorImpl.invoke(Ljava/lang/Object;[Ljava/lang/Object;)Ljava/lang/Object; java.base@17.0.11 (10 bytes) @ 0x03cbbf50 [0x03cbbf20+0x00000030]
J 2450 c1 org.gradle.internal.reflect.JavaMethod.invoke(Ljava/lang/Object;[Ljava/lang/Object;)Ljava/lang/Object; (74 bytes) @ 0x03d973bc [0x03d972f0+0x000000cc]
j  org.gradle.api.internal.project.taskfactory.StandardTaskAction.doExecute(Lorg/gradle/api/Task;Ljava/lang/String;)V+16
j  org.gradle.api.internal.project.taskfactory.StandardTaskAction.execute(Lorg/gradle/api/Task;)V+32
j  org.gradle.api.internal.project.taskfactory.StandardTaskAction.execute(Ljava/lang/Object;)V+5
j  org.gradle.api.internal.tasks.execution.TaskExecution$3.run(Lorg/gradle/internal/operations/BuildOperationContext;)V+23
J 12422 c1 org.gradle.internal.operations.DefaultBuildOperationRunner$1.execute(Lorg/gradle/internal/operations/BuildOperation;Lorg/gradle/internal/operations/BuildOperationContext;)V (10 bytes) @ 0x04a9a4e0 [0x04a9a470+0x00000070]
J 7900 c1 org.gradle.internal.operations.DefaultBuildOperationRunner$2.execute(Lorg/gradle/internal/operations/BuildOperationDescriptor;Lorg/gradle/internal/operations/BuildOperationState;Lorg/gradle/internal/operations/BuildOperationState;Lorg/gradle/internal/operations/DefaultBuildOperationRunner$ReadableBuildOperationContext;Lorg/gradle/internal/operations/DefaultBuildOperationRunner$BuildOperationExecutionListener;)Lorg/gradle/internal/operations/BuildOperation; (110 bytes) @ 0x0454d660 [0x0454d600+0x00000060]
J 8599 c1 org.gradle.internal.operations.DefaultBuildOperationRunner$2.execute(Lorg/gradle/internal/operations/BuildOperationDescriptor;Lorg/gradle/internal/operations/BuildOperationState;Lorg/gradle/internal/operations/BuildOperationState;Lorg/gradle/internal/operations/DefaultBuildOperationRunner$ReadableBuildOperationContext;Lorg/gradle/internal/operations/DefaultBuildOperationRunner$BuildOperationExecutionListener;)Ljava/lang/Object; (12 bytes) @ 0x0464fbe0 [0x0464fba0+0x00000040]
J 8838 c1 org.gradle.internal.operations.DefaultBuildOperationRunner.execute(Lorg/gradle/internal/operations/BuildOperationDescriptor$Builder;Lorg/gradle/internal/operations/BuildOperationState;Lorg/gradle/internal/operations/DefaultBuildOperationRunner$BuildOperationExecution;)Ljava/lang/Object; (147 bytes) @ 0x0468f148 [0x0468ed60+0x000003e8]
J 12421 c1 org.gradle.internal.operations.DefaultBuildOperationRunner.run(Lorg/gradle/internal/operations/RunnableBuildOperation;)V (13 bytes) @ 0x04a9a0c8 [0x04a99f90+0x00000138]
j  org.gradle.api.internal.tasks.execution.TaskExecution.executeAction(Ljava/lang/String;Lorg/gradle/api/internal/TaskInternal;Lorg/gradle/api/internal/tasks/InputChangesAwareTaskAction;Lorg/gradle/internal/execution/history/changes/InputChangesInternal;Z)V+30
j  org.gradle.api.internal.tasks.execution.TaskExecution.executeActions(Lorg/gradle/api/internal/TaskInternal;Lorg/gradle/internal/execution/history/changes/InputChangesInternal;)V+131
j  org.gradle.api.internal.tasks.execution.TaskExecution.executeWithPreviousOutputFiles(Lorg/gradle/internal/execution/history/changes/InputChangesInternal;)Lorg/gradle/internal/execution/UnitOfWork$WorkResult;+46
j  org.gradle.api.internal.tasks.execution.TaskExecution.execute(Lorg/gradle/internal/execution/UnitOfWork$ExecutionRequest;)Lorg/gradle/internal/execution/UnitOfWork$WorkOutput;+61
J 10848 c1 org.gradle.internal.execution.steps.ExecuteStep.executeInternal(Lorg/gradle/internal/execution/UnitOfWork;Lorg/gradle/internal/execution/steps/InputChangesContext;)Lorg/gradle/internal/execution/steps/Result; (78 bytes) @ 0x04915514 [0x04915430+0x000000e4]
J 10839 c1 org.gradle.internal.execution.steps.ExecuteStep$1.call(Lorg/gradle/internal/operations/BuildOperationContext;)Ljava/lang/Object; (6 bytes) @ 0x04911020 [0x04910ff0+0x00000030]
J 7764 c1 org.gradle.internal.operations.DefaultBuildOperationRunner$CallableBuildOperationWorker.execute(Lorg/gradle/internal/operations/BuildOperation;Lorg/gradle/internal/operations/BuildOperationContext;)V (10 bytes) @ 0x04526464 [0x045263f0+0x00000074]
J 7900 c1 org.gradle.internal.operations.DefaultBuildOperationRunner$2.execute(Lorg/gradle/internal/operations/BuildOperationDescriptor;Lorg/gradle/internal/operations/BuildOperationState;Lorg/gradle/internal/operations/BuildOperationState;Lorg/gradle/internal/operations/DefaultBuildOperationRunner$ReadableBuildOperationContext;Lorg/gradle/internal/operations/DefaultBuildOperationRunner$BuildOperationExecutionListener;)Lorg/gradle/internal/operations/BuildOperation; (110 bytes) @ 0x0454d660 [0x0454d600+0x00000060]
J 8599 c1 org.gradle.internal.operations.DefaultBuildOperationRunner$2.execute(Lorg/gradle/internal/operations/BuildOperationDescriptor;Lorg/gradle/internal/operations/BuildOperationState;Lorg/gradle/internal/operations/BuildOperationState;Lorg/gradle/internal/operations/DefaultBuildOperationRunner$ReadableBuildOperationContext;Lorg/gradle/internal/operations/DefaultBuildOperationRunner$BuildOperationExecutionListener;)Ljava/lang/Object; (12 bytes) @ 0x0464fbe0 [0x0464fba0+0x00000040]
J 8838 c1 org.gradle.internal.operations.DefaultBuildOperationRunner.execute(Lorg/gradle/internal/operations/BuildOperationDescriptor$Builder;Lorg/gradle/internal/operations/BuildOperationState;Lorg/gradle/internal/operations/DefaultBuildOperationRunner$BuildOperationExecution;)Ljava/lang/Object; (147 bytes) @ 0x0468f148 [0x0468ed60+0x000003e8]
J 10838 c1 org.gradle.internal.execution.steps.ExecuteStep.execute(Lorg/gradle/internal/execution/UnitOfWork;Lorg/gradle/internal/execution/steps/ChangingOutputsContext;)Lorg/gradle/internal/execution/steps/Result; (37 bytes) @ 0x04910ad4 [0x04910860+0x00000274]
J 10837 c1 org.gradle.internal.execution.steps.ExecuteStep.execute(Lorg/gradle/internal/execution/UnitOfWork;Lorg/gradle/internal/execution/steps/Context;)Lorg/gradle/internal/execution/steps/Result; (10 bytes) @ 0x049105e4 [0x049105a0+0x00000044]
J 10723 c1 org.gradle.internal.execution.steps.CancelExecutionStep.execute(Lorg/gradle/internal/execution/UnitOfWork;Lorg/gradle/internal/execution/steps/Context;)Lorg/gradle/internal/execution/steps/Result; (168 bytes) @ 0x048e5a58 [0x048e5990+0x000000c8]
J 10567 c1 org.gradle.internal.execution.steps.TimeoutStep.execute(Lorg/gradle/internal/execution/UnitOfWork;Lorg/gradle/internal/execution/steps/Context;)Lorg/gradle/internal/execution/steps/Result; (96 bytes) @ 0x048b70f4 [0x048b6e00+0x000002f4]
J 15546 c1 org.gradle.internal.execution.steps.PreCreateOutputParentsStep.execute(Lorg/gradle/internal/execution/UnitOfWork;Lorg/gradle/internal/execution/steps/Context;)Lorg/gradle/internal/execution/steps/Result; (10 bytes) @ 0x04e64c90 [0x04e64bc0+0x000000d0]
j  org.gradle.internal.execution.steps.RemovePreviousOutputsStep.execute(Lorg/gradle/internal/execution/UnitOfWork;Lorg/gradle/internal/execution/steps/ChangingOutputsContext;)Lorg/gradle/internal/execution/steps/Result;+57
j  org.gradle.internal.execution.steps.RemovePreviousOutputsStep.execute(Lorg/gradle/internal/execution/UnitOfWork;Lorg/gradle/internal/execution/steps/Context;)Lorg/gradle/internal/execution/steps/Result;+6
J 10869 c1 org.gradle.internal.execution.steps.BroadcastChangingOutputsStep.execute(Lorg/gradle/internal/execution/UnitOfWork;Lorg/gradle/internal/execution/steps/InputChangesContext;)Lorg/gradle/internal/execution/steps/Result; (90 bytes) @ 0x0491c104 [0x0491bcf0+0x00000414]
J 15568 c1 org.gradle.internal.execution.steps.BroadcastChangingOutputsStep.execute(Lorg/gradle/internal/execution/UnitOfWork;Lorg/gradle/internal/execution/steps/Context;)Lorg/gradle/internal/execution/steps/Result; (10 bytes) @ 0x04e6afa8 [0x04e6af60+0x00000048]
J 10859 c1 org.gradle.internal.execution.steps.CaptureOutputsAfterExecutionStep.execute(Lorg/gradle/internal/execution/UnitOfWork;Lorg/gradle/internal/execution/steps/WorkspaceContext;)Lorg/gradle/internal/execution/steps/AfterExecutionResult; (56 bytes) @ 0x04917aa4 [0x04917a60+0x00000044]
J 10871 c1 org.gradle.internal.execution.steps.CaptureOutputsAfterExecutionStep.execute(Lorg/gradle/internal/execution/UnitOfWork;Lorg/gradle/internal/execution/steps/Context;)Lorg/gradle/internal/execution/steps/Result; (10 bytes) @ 0x0491c9a8 [0x0491c960+0x00000048]
j  org.gradle.internal.execution.steps.ResolveInputChangesStep.execute(Lorg/gradle/internal/execution/UnitOfWork;Lorg/gradle/internal/execution/steps/IncrementalCachingContext;)Lorg/gradle/internal/execution/steps/Result;+22
j  org.gradle.internal.execution.steps.ResolveInputChangesStep.execute(Lorg/gradle/internal/execution/UnitOfWork;Lorg/gradle/internal/execution/steps/Context;)Lorg/gradle/internal/execution/steps/Result;+6
J 15566 c1 org.gradle.internal.execution.steps.BuildCacheStep$$Lambda$595+0x78aa60a0.apply(Ljava/lang/Object;)Ljava/lang/Object; (20 bytes) @ 0x04e6a9c4 [0x04e6a970+0x00000054]
J 15556 c1 org.gradle.internal.execution.steps.BuildCacheStep.execute(Lorg/gradle/internal/execution/UnitOfWork;Lorg/gradle/internal/execution/steps/Context;)Lorg/gradle/internal/execution/steps/Result; (10 bytes) @ 0x04e67488 [0x04e67330+0x00000158]
j  org.gradle.internal.execution.steps.StoreExecutionStateStep.execute(Lorg/gradle/internal/execution/UnitOfWork;Lorg/gradle/internal/execution/steps/PreviousExecutionContext;)Lorg/gradle/internal/execution/steps/AfterExecutionResult;+6
j  org.gradle.internal.execution.steps.StoreExecutionStateStep.execute(Lorg/gradle/internal/execution/UnitOfWork;Lorg/gradle/internal/execution/steps/Context;)Lorg/gradle/internal/execution/steps/Result;+6
j  org.gradle.internal.execution.steps.SkipUpToDateStep.executeBecause(Lorg/gradle/internal/execution/UnitOfWork;Lcom/google/common/collect/ImmutableList;Lorg/gradle/internal/execution/steps/IncrementalChangesContext;)Lorg/gradle/internal/execution/steps/UpToDateResult;+11
j  org.gradle.internal.execution.steps.SkipUpToDateStep.lambda$execute$2(Lorg/gradle/internal/execution/UnitOfWork;Lcom/google/common/collect/ImmutableList;Lorg/gradle/internal/execution/steps/IncrementalChangesContext;)Lorg/gradle/internal/execution/steps/UpToDateResult;+4
j  org.gradle.internal.execution.steps.SkipUpToDateStep$$Lambda$2078+0x7b7f0000.get()Ljava/lang/Object;+16
J 3603 c1 java.util.Optional.orElseGet(Ljava/util/function/Supplier;)Ljava/lang/Object; java.base@17.0.11 (21 bytes) @ 0x03f26314 [0x03f262e0+0x00000034]
j  org.gradle.internal.execution.steps.SkipUpToDateStep.execute(Lorg/gradle/internal/execution/UnitOfWork;Lorg/gradle/internal/execution/steps/IncrementalChangesContext;)Lorg/gradle/internal/execution/steps/UpToDateResult;+65
j  org.gradle.internal.execution.steps.SkipUpToDateStep.execute(Lorg/gradle/internal/execution/UnitOfWork;Lorg/gradle/internal/execution/steps/Context;)Lorg/gradle/internal/execution/steps/Result;+6
J 15555 c1 org.gradle.internal.execution.steps.legacy.MarkSnapshottingInputsFinishedStep.execute(Lorg/gradle/internal/execution/UnitOfWork;Lorg/gradle/internal/execution/steps/Context;)Lorg/gradle/internal/execution/steps/Result; (10 bytes) @ 0x04e67038 [0x04e66f90+0x000000a8]
j  org.gradle.internal.execution.steps.ResolveIncrementalCachingStateStep.executeDelegate(Lorg/gradle/internal/execution/UnitOfWork;Lorg/gradle/internal/execution/steps/IncrementalChangesContext;Lorg/gradle/internal/execution/caching/CachingState;)Lorg/gradle/internal/execution/steps/UpToDateResult;+14
j  org.gradle.internal.execution.steps.ResolveIncrementalCachingStateStep.executeDelegate(Lorg/gradle/internal/execution/UnitOfWork;Lorg/gradle/internal/execution/steps/ValidationFinishedContext;Lorg/gradle/internal/execution/caching/CachingState;)Lorg/gradle/internal/execution/steps/UpToDateResult;+7
J 10747 c1 org.gradle.internal.execution.steps.AbstractResolveCachingStateStep.execute(Lorg/gradle/internal/execution/UnitOfWork;Lorg/gradle/internal/execution/steps/ValidationFinishedContext;)Lorg/gradle/internal/execution/steps/CachingResult; (67 bytes) @ 0x048ee978 [0x048ee6a0+0x000002d8]
J 10746 c1 org.gradle.internal.execution.steps.AbstractResolveCachingStateStep.execute(Lorg/gradle/internal/execution/UnitOfWork;Lorg/gradle/internal/execution/steps/Context;)Lorg/gradle/internal/execution/steps/Result; (10 bytes) @ 0x048ee3a8 [0x048ee360+0x00000048]
j  org.gradle.internal.execution.steps.ResolveChangesStep.execute(Lorg/gradle/internal/execution/UnitOfWork;Lorg/gradle/internal/execution/steps/ValidationFinishedContext;)Lorg/gradle/internal/execution/steps/Result;+43
j  org.gradle.internal.execution.steps.ResolveChangesStep.execute(Lorg/gradle/internal/execution/UnitOfWork;Lorg/gradle/internal/execution/steps/Context;)Lorg/gradle/internal/execution/steps/Result;+6
J 10726 c1 org.gradle.internal.execution.steps.ValidateStep.execute(Lorg/gradle/internal/execution/UnitOfWork;Lorg/gradle/internal/execution/steps/BeforeExecutionContext;)Lorg/gradle/internal/execution/steps/Result; (261 bytes) @ 0x048e853c [0x048e7980+0x00000bbc]
J 10725 c1 org.gradle.internal.execution.steps.ValidateStep.execute(Lorg/gradle/internal/execution/UnitOfWork;Lorg/gradle/internal/execution/steps/Context;)Lorg/gradle/internal/execution/steps/Result; (10 bytes) @ 0x048e7468 [0x048e7420+0x00000048]
J 10718 c1 org.gradle.internal.execution.steps.AbstractCaptureStateBeforeExecutionStep.execute(Lorg/gradle/internal/execution/UnitOfWork;Lorg/gradle/internal/execution/steps/PreviousExecutionContext;)Lorg/gradle/internal/execution/steps/CachingResult; (41 bytes) @ 0x048e40ec [0x048e3f20+0x000001cc]
J 10717 c1 org.gradle.internal.execution.steps.AbstractCaptureStateBeforeExecutionStep.execute(Lorg/gradle/internal/execution/UnitOfWork;Lorg/gradle/internal/execution/steps/Context;)Lorg/gradle/internal/execution/steps/Result; (10 bytes) @ 0x048e3ca8 [0x048e3c60+0x00000048]
j  org.gradle.internal.execution.steps.AbstractSkipEmptyWorkStep.executeWithNonEmptySources(Lorg/gradle/internal/execution/UnitOfWork;Lorg/gradle/internal/execution/steps/WorkspaceContext;)Lorg/gradle/internal/execution/steps/CachingResult;+12
j  org.gradle.internal.execution.steps.AbstractSkipEmptyWorkStep.execute(Lorg/gradle/internal/execution/UnitOfWork;Lorg/gradle/internal/execution/steps/WorkspaceContext;)Lorg/gradle/internal/execution/steps/CachingResult;+42
j  org.gradle.internal.execution.steps.AbstractSkipEmptyWorkStep.execute(Lorg/gradle/internal/execution/UnitOfWork;Lorg/gradle/internal/execution/steps/Context;)Lorg/gradle/internal/execution/steps/Result;+6
J 10716 c1 org.gradle.internal.execution.steps.legacy.MarkSnapshottingInputsStartedStep.execute(Lorg/gradle/internal/execution/UnitOfWork;Lorg/gradle/internal/execution/steps/Context;)Lorg/gradle/internal/execution/steps/Result; (37 bytes) @ 0x048e391c [0x048e38d0+0x0000004c]
j  org.gradle.internal.execution.steps.LoadPreviousExecutionStateStep.execute(Lorg/gradle/internal/execution/UnitOfWork;Lorg/gradle/internal/execution/steps/WorkspaceContext;)Lorg/gradle/internal/execution/steps/AfterExecutionResult;+42
j  org.gradle.internal.execution.steps.LoadPreviousExecutionStateStep.execute(Lorg/gradle/internal/execution/UnitOfWork;Lorg/gradle/internal/execution/steps/Context;)Lorg/gradle/internal/execution/steps/Result;+6
j  org.gradle.internal.execution.steps.HandleStaleOutputsStep.execute(Lorg/gradle/internal/execution/UnitOfWork;Lorg/gradle/internal/execution/steps/WorkspaceContext;)Lorg/gradle/internal/execution/steps/AfterExecutionResult;+21
j  org.gradle.internal.execution.steps.HandleStaleOutputsStep.execute(Lorg/gradle/internal/execution/UnitOfWork;Lorg/gradle/internal/execution/steps/Context;)Lorg/gradle/internal/execution/steps/Result;+6
j  org.gradle.internal.execution.steps.AssignMutableWorkspaceStep.lambda$execute$0(Lorg/gradle/internal/execution/steps/IdentityContext;Lorg/gradle/internal/execution/UnitOfWork;Ljava/io/File;Lorg/gradle/internal/execution/history/ExecutionHistoryStore;)Lorg/gradle/internal/execution/steps/WorkspaceResult;+30
j  org.gradle.internal.execution.steps.AssignMutableWorkspaceStep$$Lambda$2039+0x7b7cdbe8.executeInWorkspace(Ljava/io/File;Lorg/gradle/internal/execution/history/ExecutionHistoryStore;)Ljava/lang/Object;+14
j  org.gradle.api.internal.tasks.execution.TaskExecution$4.withWorkspace(Ljava/lang/String;Lorg/gradle/internal/execution/workspace/MutableWorkspaceProvider$WorkspaceAction;)Ljava/lang/Object;+33
j  org.gradle.internal.execution.steps.AssignMutableWorkspaceStep.execute(Lorg/gradle/internal/execution/UnitOfWork;Lorg/gradle/internal/execution/steps/IdentityContext;)Lorg/gradle/internal/execution/steps/WorkspaceResult;+26
j  org.gradle.internal.execution.steps.AssignMutableWorkspaceStep.execute(Lorg/gradle/internal/execution/UnitOfWork;Lorg/gradle/internal/execution/steps/Context;)Lorg/gradle/internal/execution/steps/Result;+6
J 10571 c1 org.gradle.internal.execution.steps.ChoosePipelineStep.execute(Lorg/gradle/internal/execution/UnitOfWork;Lorg/gradle/internal/execution/steps/IdentityContext;)Lorg/gradle/internal/execution/steps/Result; (71 bytes) @ 0x048b5fb8 [0x048b5d30+0x00000288]
J 10325 c1 org.gradle.internal.execution.steps.ChoosePipelineStep.execute(Lorg/gradle/internal/execution/UnitOfWork;Lorg/gradle/internal/execution/steps/Context;)Lorg/gradle/internal/execution/steps/Result; (10 bytes) @ 0x0486d7e8 [0x0486d7a0+0x00000048]
j  org.gradle.internal.execution.steps.ExecuteWorkBuildOperationFiringStep.lambda$execute$2(Lorg/gradle/internal/execution/UnitOfWork;Lorg/gradle/internal/execution/steps/IdentityContext;)Lorg/gradle/internal/execution/steps/CachingResult;+6
j  org.gradle.internal.execution.steps.ExecuteWorkBuildOperationFiringStep$$Lambda$530+0x78a4a0b0.get()Ljava/lang/Object;+12
J 10324 c1 org.gradle.internal.execution.steps.ExecuteWorkBuildOperationFiringStep.execute(Lorg/gradle/internal/execution/UnitOfWork;Lorg/gradle/internal/execution/steps/Context;)Lorg/gradle/internal/execution/steps/Result; (10 bytes) @ 0x0486b7cc [0x0486b600+0x000001cc]
J 10570 c1 org.gradle.internal.execution.steps.IdentityCacheStep.execute(Lorg/gradle/internal/execution/UnitOfWork;Lorg/gradle/internal/execution/steps/IdentityContext;)Lorg/gradle/internal/execution/steps/WorkspaceResult; (15 bytes) @ 0x048b5a50 [0x048b5a20+0x00000030]
j  org.gradle.internal.execution.steps.IdentityCacheStep.execute(Lorg/gradle/internal/execution/UnitOfWork;Lorg/gradle/internal/execution/steps/Context;)Lorg/gradle/internal/execution/steps/Result;+6
j  org.gradle.internal.execution.steps.IdentifyStep.execute(Lorg/gradle/internal/execution/UnitOfWork;Lorg/gradle/internal/execution/steps/ExecutionRequestContext;)Lorg/gradle/internal/execution/steps/Result;+11
j  org.gradle.internal.execution.steps.IdentifyStep.execute(Lorg/gradle/internal/execution/UnitOfWork;Lorg/gradle/internal/execution/steps/Context;)Lorg/gradle/internal/execution/steps/Result;+6
j  org.gradle.internal.execution.impl.DefaultExecutionEngine$1.execute()Lorg/gradle/internal/execution/ExecutionEngine$Result;+15
j  org.gradle.api.internal.tasks.execution.ExecuteActionsTaskExecuter.executeIfValid(Lorg/gradle/api/internal/TaskInternal;Lorg/gradle/api/internal/tasks/TaskStateInternal;Lorg/gradle/api/internal/tasks/TaskExecutionContext;Lorg/gradle/api/internal/tasks/execution/TaskExecution;)Lorg/gradle/api/internal/tasks/TaskExecuterResult;+54
j  org.gradle.api.internal.tasks.execution.ExecuteActionsTaskExecuter.execute(Lorg/gradle/api/internal/TaskInternal;Lorg/gradle/api/internal/tasks/TaskStateInternal;Lorg/gradle/api/internal/tasks/TaskExecutionContext;)Lorg/gradle/api/internal/tasks/TaskExecuterResult;+65
j  org.gradle.api.internal.tasks.execution.FinalizePropertiesTaskExecuter.execute(Lorg/gradle/api/internal/TaskInternal;Lorg/gradle/api/internal/tasks/TaskStateInternal;Lorg/gradle/api/internal/tasks/TaskExecutionContext;)Lorg/gradle/api/internal/tasks/TaskExecuterResult;+61
j  org.gradle.api.internal.tasks.execution.ResolveTaskExecutionModeExecuter.execute(Lorg/gradle/api/internal/TaskInternal;Lorg/gradle/api/internal/tasks/TaskStateInternal;Lorg/gradle/api/internal/tasks/TaskExecutionContext;)Lorg/gradle/api/internal/tasks/TaskExecuterResult;+56
j  org.gradle.api.internal.tasks.execution.SkipTaskWithNoActionsExecuter.execute(Lorg/gradle/api/internal/TaskInternal;Lorg/gradle/api/internal/tasks/TaskStateInternal;Lorg/gradle/api/internal/tasks/TaskExecutionContext;)Lorg/gradle/api/internal/tasks/TaskExecuterResult;+120
j  org.gradle.api.internal.tasks.execution.SkipOnlyIfTaskExecuter.execute(Lorg/gradle/api/internal/TaskInternal;Lorg/gradle/api/internal/tasks/TaskStateInternal;Lorg/gradle/api/internal/tasks/TaskExecutionContext;)Lorg/gradle/api/internal/tasks/TaskExecuterResult;+199
j  org.gradle.api.internal.tasks.execution.CatchExceptionTaskExecuter.execute(Lorg/gradle/api/internal/TaskInternal;Lorg/gradle/api/internal/tasks/TaskStateInternal;Lorg/gradle/api/internal/tasks/TaskExecutionContext;)Lorg/gradle/api/internal/tasks/TaskExecuterResult;+7
j  org.gradle.api.internal.tasks.execution.EventFiringTaskExecuter$1.executeTask(Lorg/gradle/internal/operations/BuildOperationContext;)Lorg/gradle/api/internal/tasks/TaskExecuterResult;+136
j  org.gradle.api.internal.tasks.execution.EventFiringTaskExecuter$1.call(Lorg/gradle/internal/operations/BuildOperationContext;)Lorg/gradle/api/internal/tasks/TaskExecuterResult;+2
j  org.gradle.api.internal.tasks.execution.EventFiringTaskExecuter$1.call(Lorg/gradle/internal/operations/BuildOperationContext;)Ljava/lang/Object;+2
J 7764 c1 org.gradle.internal.operations.DefaultBuildOperationRunner$CallableBuildOperationWorker.execute(Lorg/gradle/internal/operations/BuildOperation;Lorg/gradle/internal/operations/BuildOperationContext;)V (10 bytes) @ 0x04526464 [0x045263f0+0x00000074]
J 7900 c1 org.gradle.internal.operations.DefaultBuildOperationRunner$2.execute(Lorg/gradle/internal/operations/BuildOperationDescriptor;Lorg/gradle/internal/operations/BuildOperationState;Lorg/gradle/internal/operations/BuildOperationState;Lorg/gradle/internal/operations/DefaultBuildOperationRunner$ReadableBuildOperationContext;Lorg/gradle/internal/operations/DefaultBuildOperationRunner$BuildOperationExecutionListener;)Lorg/gradle/internal/operations/BuildOperation; (110 bytes) @ 0x0454d660 [0x0454d600+0x00000060]
J 8599 c1 org.gradle.internal.operations.DefaultBuildOperationRunner$2.execute(Lorg/gradle/internal/operations/BuildOperationDescriptor;Lorg/gradle/internal/operations/BuildOperationState;Lorg/gradle/internal/operations/BuildOperationState;Lorg/gradle/internal/operations/DefaultBuildOperationRunner$ReadableBuildOperationContext;Lorg/gradle/internal/operations/DefaultBuildOperationRunner$BuildOperationExecutionListener;)Ljava/lang/Object; (12 bytes) @ 0x0464fbe0 [0x0464fba0+0x00000040]
J 8838 c1 org.gradle.internal.operations.DefaultBuildOperationRunner.execute(Lorg/gradle/internal/operations/BuildOperationDescriptor$Builder;Lorg/gradle/internal/operations/BuildOperationState;Lorg/gradle/internal/operations/DefaultBuildOperationRunner$BuildOperationExecution;)Ljava/lang/Object; (147 bytes) @ 0x0468f148 [0x0468ed60+0x000003e8]
J 8832 c1 org.gradle.internal.operations.DefaultBuildOperationRunner.call(Lorg/gradle/internal/operations/CallableBuildOperation;)Ljava/lang/Object; (24 bytes) @ 0x0468d308 [0x0468d190+0x00000178]
j  org.gradle.api.internal.tasks.execution.EventFiringTaskExecuter.execute(Lorg/gradle/api/internal/TaskInternal;Lorg/gradle/api/internal/tasks/TaskStateInternal;Lorg/gradle/api/internal/tasks/TaskExecutionContext;)Lorg/gradle/api/internal/tasks/TaskExecuterResult;+15
j  org.gradle.execution.plan.LocalTaskNodeExecutor.execute(Lorg/gradle/execution/plan/Node;Lorg/gradle/api/internal/tasks/NodeExecutionContext;)Z+87
j  org.gradle.execution.taskgraph.DefaultTaskExecutionGraph$InvokeNodeExecutorsAction.execute(Lorg/gradle/execution/plan/Node;)V+46
j  org.gradle.execution.taskgraph.DefaultTaskExecutionGraph$InvokeNodeExecutorsAction.execute(Ljava/lang/Object;)V+5
j  org.gradle.execution.taskgraph.DefaultTaskExecutionGraph$BuildOperationAwareExecutionAction.lambda$execute$0(Lorg/gradle/execution/plan/Node;)V+5
j  org.gradle.execution.taskgraph.DefaultTaskExecutionGraph$BuildOperationAwareExecutionAction$$Lambda$1989+0x7b7545e8.run()V+8
j  org.gradle.internal.operations.CurrentBuildOperationRef.with(Lorg/gradle/internal/operations/BuildOperationRef;Ljava/lang/Runnable;)V+11
j  org.gradle.execution.taskgraph.DefaultTaskExecutionGraph$BuildOperationAwareExecutionAction.execute(Lorg/gradle/execution/plan/Node;)V+14
j  org.gradle.execution.taskgraph.DefaultTaskExecutionGraph$BuildOperationAwareExecutionAction.execute(Ljava/lang/Object;)V+5
j  org.gradle.execution.plan.DefaultPlanExecutor$ExecutorWorker.execute(Ljava/lang/Object;Lorg/gradle/execution/plan/WorkSource;Lorg/gradle/api/Action;)V+14
j  org.gradle.execution.plan.DefaultPlanExecutor$ExecutorWorker.run()V+75
J 14271 c1 org.gradle.internal.concurrent.AbstractManagedExecutor$1.run()V (57 bytes) @ 0x04c7d018 [0x04c7cf90+0x00000088]
j  java.util.concurrent.ThreadPoolExecutor.runWorker(Ljava/util/concurrent/ThreadPoolExecutor$Worker;)V+92 java.base@17.0.11
j  java.util.concurrent.ThreadPoolExecutor$Worker.run()V+5 java.base@17.0.11
j  java.lang.Thread.run()V+11 java.base@17.0.11
v  ~StubRoutines::call_stub

Compiled method (n/a)  320670  729     n       java.lang.ClassLoader::defineClass1 (native)
 total in heap  [0x03b7b008,0x03b7b310] = 776
 relocation     [0x03b7b0ec,0x03b7b114] = 40
 main code      [0x03b7b120,0x03b7b310] = 496

[Constant Pool (empty)]

[MachCode]
[Entry Point]
  # {method} {0x6601ba0c} 'defineClass1' '(Ljava/lang/ClassLoader;Ljava/lang/String;[BIILjava/security/ProtectionDomain;Ljava/lang/String;)Ljava/lang/Class;' in 'java/lang/ClassLoader'
  # parm0:    ecx       = 'java/lang/ClassLoader'
  # parm1:    edx       = 'java/lang/String'
  # parm2:    [sp+0x40]   = '[B'  (sp of caller)
  # parm3:    [sp+0x44]   = int
  # parm4:    [sp+0x48]   = int
  # parm5:    [sp+0x4c]   = 'java/security/ProtectionDomain'
  # parm6:    [sp+0x50]   = 'java/lang/String'
  0x03b7b120: 3b41 040f | 8407 0000 

  0x03b7b128: ;   {runtime_call ic_miss_stub}
  0x03b7b128: 00e9 a256 | efff 6690 
[Verified Entry Point]
  0x03b7b130: 8984 2400 | c0ff ff55 | 8bec 83ec | 3864 8b3c | 2500 0000 | 008b 7ff4 | 894c 2424 | 33c0 83f9 
  0x03b7b150: 000f 8404 | 0000 008d | 4424 2489 | 4424 0889 | 5424 2833 | c083 fa00 | 0f84 0400 | 0000 8d44 
  0x03b7b170: 2428 8944 | 240c 33c0 | 817d 0800 | 0000 000f | 8403 0000 | 008d 4508 | 8944 2410 | 8b45 0c89 
  0x03b7b190: 4424 148b | 4510 8944 | 2418 33c0 | 817d 1400 | 0000 000f | 8403 0000 | 008d 4514 | 8944 241c 
  0x03b7b1b0: 33c0 817d | 1800 0000 | 000f 8403 | 0000 008d | 4518 8944 

  0x03b7b1c4: ;   {oop(a 'java/lang/Class'{0x25c5dca8} = 'java/lang/ClassLoader')}
  0x03b7b1c4: 2420 bea8 | dcc5 2589 | 7424 2c8d | 7424 2c89 | 7424 04c5 

  0x03b7b1d8: ;   {internal_word}
  0x03b7b1d8: f877 c787 | f401 0000 | d7b1 b703 | 89a7 f001 

  0x03b7b1e8: ;   {external_word}
  0x03b7b1e8: 0000 803d | dc54 966b | 000f 840f 

  0x03b7b1f4: ;   {metadata({method} {0x6601ba0c} 'defineClass1' '(Ljava/lang/ClassLoader;Ljava/lang/String;[BIILjava/security/ProtectionDomain;Ljava/lang/String;)Ljava/lang/Class;' in 'java/lang/ClassLoader')}
  0x03b7b1f4: 0000 00b8 | 08ba 0166 

  0x03b7b1fc: ;   {runtime_call}
  0x03b7b1fc: 5057 e81d | 3abf 6783 | c408 8d97 | 0002 0000 | 8914 24c7 | 874c 0200 | 0004 0000 

  0x03b7b218: ;   {runtime_call}
  0x03b7b218: 00e8 4064 | 8a67 c5f8 | 77c7 874c | 0200 0005 | 0000 00f0 | 8344 24c0 | 003b af50 | 0200 000f 
  0x03b7b238: 8710 0000 | 0081 bf40 | 0200 0000 | 0000 000f | 8412 0000 | 00c5 f877 | 8945 fc57 

  0x03b7b254: ;   {runtime_call}
  0x03b7b254: e8c7 e7c8 | 6783 c404 | 8b45 fcc7 | 874c 0200 | 0008 0000 | 0081 bf70 | 0200 0002 | 0000 000f 
  0x03b7b274: 8478 0000 

  0x03b7b278: ;   {external_word}
  0x03b7b278: 0080 3ddc | 5496 6b00 | 0f84 1500 | 0000 8945 

  0x03b7b288: ;   {metadata({method} {0x6601ba0c} 'defineClass1' '(Ljava/lang/ClassLoader;Ljava/lang/String;[BIILjava/security/ProtectionDomain;Ljava/lang/String;)Ljava/lang/Class;' in 'java/lang/ClassLoader')}
  0x03b7b288: fcb8 08ba | 0166 5057 

  0x03b7b290: ;   {runtime_call}
  0x03b7b290: e88b 39bf | 6783 c408 | 8b45 fcc7 | 87f0 0100 | 0000 0000 | 00c7 87f4 | 0100 0000 | 0000 00c5 
  0x03b7b2b0: f877 85c0 | 0f84 1600 | 0000 f7c0 | 0100 0000 | 0f84 0800 | 0000 8b40 | ffe9 0200 | 0000 8b00 
  0x03b7b2d0: 8b8f b800 | 0000 c781 | 8000 0000 | 0000 0000 | 817f 0400 | 0000 000f | 8517 0000 | 008b e55d 
  0x03b7b2f0: c3c5 f877 

  0x03b7b2f4: ;   {runtime_call}
  0x03b7b2f4: 8945 fce8 | 3461 bf67 | 8b45 fce9 | 75ff ffff | 0f77 8be5 

  0x03b7b308: ;   {runtime_call StubRoutines (1)}
  0x03b7b308: 5de9 0256 | ebff f4f4 
[/MachCode]


Compiled method (c1)  320685 1166             java.lang.ClassLoader::defineClass (43 bytes)
 total in heap  [0x03c16208,0x03c16698] = 1168
 relocation     [0x03c162ec,0x03c1634c] = 96
 main code      [0x03c16350,0x03c164b0] = 352
 stub code      [0x03c164b0,0x03c16500] = 80
 metadata       [0x03c16500,0x03c16518] = 24
 scopes data    [0x03c16518,0x03c165cc] = 180
 scopes pcs     [0x03c165cc,0x03c1666c] = 160
 dependencies   [0x03c1666c,0x03c16674] = 8
 nul chk table  [0x03c16674,0x03c16698] = 36

[Constant Pool (empty)]

[MachCode]
[Entry Point]
  # {method} {0x6601b85c} 'defineClass' '(Ljava/lang/String;[BIILjava/security/ProtectionDomain;)Ljava/lang/Class;' in 'java/lang/ClassLoader'
  # this:     ecx       = 'java/lang/ClassLoader'
  # parm0:    edx       = 'java/lang/String'
  # parm1:    [sp+0x60]   = '[B'  (sp of caller)
  # parm2:    [sp+0x64]   = int
  # parm3:    [sp+0x68]   = int
  # parm4:    [sp+0x6c]   = 'java/security/ProtectionDomain'
  0x03c16350: 0f1f 8000 | 0000 003b 

  0x03c16358: ;   {runtime_call ic_miss_stub}
  0x03c16358: 4104 0f85 | 70a4 e5ff 
[Verified Entry Point]
  0x03c16360: 8984 2400 | c0ff ff55 | 83ec 5889 | 4c24 408b | 7424 6c8b | fa8b d789 | 3424 8bf1 | 8bce 897c 
  0x03c16380: ;   {optimized virtual_call}
  0x03c16380: 2444 90e8 

  0x03c16384: ; ImmutableOopMap {[96]=Oop [64]=Oop [68]=Oop }
              ;*invokevirtual preDefineClass {reexecute=0 rethrow=0 return_oop=0}
              ; - java.lang.ClassLoader::defineClass@4 (line 1015)
  0x03c16384: 6805 0000 | 8944 2448 

  0x03c1638c: ; implicit exception: dispatches to 0x03c16444
  0x03c1638c: 8b50 0c83 | fa00 0f85 | 1000 0000 

  0x03c16398: ;   {oop(NULL)}
  0x03c16398: be00 0000 | 0089 7424 | 4c8b f0e9 | 3200 0000 

  0x03c163a8: ; implicit exception: dispatches to 0x03c16449
  0x03c163a8: 8b52 0883 | fa00 0f85 | 1000 0000 

  0x03c163b4: ;   {oop(NULL)}
  0x03c163b4: be00 0000 | 0089 7424 | 4c8b f0e9 | 1600 0000 

  0x03c163c4: ; implicit exception: dispatches to 0x03c1644e
  0x03c163c4: 8b4a 343b 

  0x03c163c8: ;   {optimized virtual_call}
  0x03c163c8: 0166 90e8 

  0x03c163cc: ; ImmutableOopMap {[96]=Oop [64]=Oop [68]=Oop [72]=Oop }
              ;*invokevirtual toExternalForm {reexecute=0 rethrow=0 return_oop=0}
              ; - java.net.URL::toExternalForm@5 (line 1039)
              ; - java.net.URL::toString@1 (line 1025)
              ; - java.lang.ClassLoader::defineClassSourceLocation@22 (line 917)
              ; - java.lang.ClassLoader::defineClass@12 (line 1016)
  0x03c163cc: 3005 f5ff | 8bf0 8974 | 244c 8b74 | 2448 8b44 | 2468 8b5c | 2464 8b7c | 2460 8b54 | 2444 8b4c 
  0x03c163ec: 2440 893c | 2489 5c24 | 0489 4424 | 0889 7424 | 0c8b 7c24 | 4c89 7c24 

  0x03c16404: ;   {static_call}
  0x03c16404: 1066 90e8 

  0x03c16408: ; ImmutableOopMap {[64]=Oop [72]=Oop }
              ;*invokestatic defineClass1 {reexecute=0 rethrow=0 return_oop=0}
              ; - java.lang.ClassLoader::defineClass@27 (line 1017)
  0x03c16408: 244d f6ff | 8bd0 8b4c | 2448 890c | 248b 4c24 | 4089 4424 

  0x03c1641c: ;   {optimized virtual_call}
  0x03c1641c: 5066 90e8 

  0x03c16420: ; ImmutableOopMap {[80]=Oop }
              ;*invokevirtual postDefineClass {reexecute=0 rethrow=0 return_oop=0}
              ; - java.lang.ClassLoader::defineClass@37 (line 1018)
  0x03c16420: 7c10 0000 | 8b44 2450 | 83c4 585d | 648b 1c25 | 0000 0000 

  0x03c16434: ;   {poll_return}
  0x03c16434: 8b5b f43b | a350 0200 | 000f 8715 | 0000 00c3 

  0x03c16444: ;   {runtime_call throw_null_pointer_exception Runtime1 stub}
  0x03c16444: e897 d5e3 

  0x03c16448: ; ImmutableOopMap {[96]=Oop [64]=Oop [68]=Oop eax=Oop [72]=Oop }
              ;*invokevirtual getCodeSource {reexecute=0 rethrow=0 return_oop=0}
              ; - java.lang.ClassLoader::defineClassSourceLocation@1 (line 914)
              ; - java.lang.ClassLoader::defineClass@12 (line 1016)
              ;   {runtime_call throw_null_pointer_exception Runtime1 stub}
  0x03c16448: ffe8 92d5 

  0x03c1644c: ; ImmutableOopMap {[96]=Oop [64]=Oop [68]=Oop eax=Oop [72]=Oop }
              ;*invokevirtual getLocation {reexecute=0 rethrow=0 return_oop=0}
              ; - java.lang.ClassLoader::defineClassSourceLocation@12 (line 916)
              ; - java.lang.ClassLoader::defineClass@12 (line 1016)
              ;   {runtime_call throw_null_pointer_exception Runtime1 stub}
  0x03c1644c: e3ff e88d 

  0x03c16450: ; ImmutableOopMap {[96]=Oop [64]=Oop [68]=Oop [72]=Oop edx=Oop }
              ;*invokevirtual toString {reexecute=0 rethrow=0 return_oop=0}
              ; - java.lang.ClassLoader::defineClassSourceLocation@22 (line 917)
              ; - java.lang.ClassLoader::defineClass@12 (line 1016)
              ;   {runtime_call throw_null_pointer_exception Runtime1 stub}
  0x03c16450: d5e3 ffe8 

  0x03c16454: ; ImmutableOopMap {[96]=Oop [64]=Oop [68]=Oop [72]=Oop edx=Oop ecx=Oop }
              ;*invokevirtual toExternalForm {reexecute=0 rethrow=0 return_oop=0}
              ; - java.net.URL::toExternalForm@5 (line 1039)
              ; - java.net.URL::toString@1 (line 1025)
              ; - java.lang.ClassLoader::defineClassSourceLocation@22 (line 917)
              ; - java.lang.ClassLoader::defineClass@12 (line 1016)
  0x03c16454: 88d5 e3ff 

  0x03c16458: ;   {internal_word}
  0x03c16458: 5152 b937 | 64c1 0364 | 8b14 2500 | 0000 008b | 52f4 898a | 5c02 0000 

  0x03c16470: ;   {runtime_call SafepointBlob}
  0x03c16470: 5a59 e929 | f4e5 ff90 | 9064 8b34 | 2500 0000 | 008b 76f4 | 8b86 8402 | 0000 c786 | 8402 0000 
  0x03c16490: 0000 0000 | c786 8802 | 0000 0000 | 0000 83c4 

  0x03c164a0: ;   {runtime_call unwind_exception Runtime1 stub}
  0x03c164a0: 585d e969 | dbe3 fff4 | f4f4 f4f4 | f4f4 f4f4 
[Stub Code]
  0x03c164b0: ;   {no_reloc}
  0x03c164b0: 6690 bb00 

  0x03c164b4: ;   {runtime_call}
  0x03c164b4: 0000 00e9 | fbff ffff 

  0x03c164bc: ;   {static_stub}
  0x03c164bc: 6690 bb00 

  0x03c164c0: ;   {runtime_call}
  0x03c164c0: 0000 00e9 | fbff ffff 

  0x03c164c8: ;   {static_stub}
  0x03c164c8: 6690 bb00 

  0x03c164cc: ;   {runtime_call}
  0x03c164cc: 0000 00e9 | fbff ffff 

  0x03c164d4: ;   {static_stub}
  0x03c164d4: 6690 bb00 

  0x03c164d8: ;   {runtime_call}
  0x03c164d8: 0000 00e9 | fbff ffff 
[Exception Handler]
  0x03c164e0: ;   {runtime_call handle_exception_from_callee Runtime1 stub}
  0x03c164e0: e82b c8e3 

  0x03c164e4: ;   {external_word}
  0x03c164e4: ff68 30b7 | 866b e800 | 0000 0060 

  0x03c164f0: ;   {runtime_call}
  0x03c164f0: e86b 2aab 

  0x03c164f4: ;   {section_word}
  0x03c164f4: 67f4 68f6 

  0x03c164f8: ;   {runtime_call DeoptimizationBlob}
  0x03c164f8: 64c1 03e9 | 40ed e5ff 
[/MachCode]


Compiled method (c1)  320693 3292   !         java.net.URLClassLoader::defineClass (224 bytes)
 total in heap  [0x03ecc488,0x03ece04c] = 7108
 relocation     [0x03ecc56c,0x03ecc78c] = 544
 main code      [0x03ecc790,0x03ecd450] = 3264
 stub code      [0x03ecd450,0x03ecd5d8] = 392
 oops           [0x03ecd5d8,0x03ecd5dc] = 4
 metadata       [0x03ecd5dc,0x03ecd63c] = 96
 scopes data    [0x03ecd63c,0x03ecdb2c] = 1264
 scopes pcs     [0x03ecdb2c,0x03ecde9c] = 880
 dependencies   [0x03ecde9c,0x03ecdec0] = 36
 handler table  [0x03ecdec0,0x03ecdff8] = 312
 nul chk table  [0x03ecdff8,0x03ece04c] = 84

[Constant Pool (empty)]

[MachCode]
[Entry Point]
  # {method} {0x66523edc} 'defineClass' '(Ljava/lang/String;Ljdk/internal/loader/Resource;)Ljava/lang/Class;' in 'java/net/URLClassLoader'
  # this:     ecx       = 'java/net/URLClassLoader'
  # parm0:    edx       = 'java/lang/String'
  # parm1:    [sp+0xf0]   = 'jdk/internal/loader/Resource'  (sp of caller)
  0x03ecc790: 0f1f 8000 | 0000 003b 

  0x03ecc798: ;   {runtime_call ic_miss_stub}
  0x03ecc798: 4104 0f85 | 3040 baff 
[Verified Entry Point]
  0x03ecc7a0: 8984 2400 | c0ff ff55 | 81ec e800 | 0000 894c | 246c 8954 

  0x03ecc7b4: ;   {runtime_call}
  0x03ecc7b4: 2468 e855 | e386 6789 | 4424 7889 | 5424 7c8b | 7424 688b | 7e10 8b5f | 080f be4e | 0c89 7c24 
  0x03ecc7d4: 708b f9c1 | e718 c1ff | 188b c18b | cfd3 fb4b | 83f8 00b9 | 0000 0000 | 0f85 0500 | 0000 b901 
  0x03ecc7f4: 0000 0083 | e101 83f9 | 000f 8416 | 0000 008b | 4c24 70ba | 2e00 0000 

  0x03ecc80c: ;   {static_call}
  0x03ecc80c: 891c 24e8 

  0x03ecc810: ; ImmutableOopMap {[240]=Oop [108]=Oop [104]=Oop }
              ;*invokestatic lastIndexOf {reexecute=0 rethrow=0 return_oop=0}
              ; - java.lang.String::lastIndexOf@13 (line 2489)
              ; - java.lang.String::lastIndexOf@8 (line 2451)
              ; - java.net.URLClassLoader::defineClass@7 (line 486)
  0x03ecc810: 1ca0 c0ff | e913 0000 | 008b 7c24 | 708b cfba | 2e00 0000 

  0x03ecc824: ;   {static_call}
  0x03ecc824: 891c 24e8 

  0x03ecc828: ; ImmutableOopMap {[240]=Oop [108]=Oop [104]=Oop }
              ;*invokestatic lastIndexOf {reexecute=0 rethrow=0 return_oop=0}
              ; - java.lang.String::lastIndexOf@25 (line 2490)
              ; - java.lang.String::lastIndexOf@8 (line 2451)
              ; - java.net.URLClassLoader::defineClass@7 (line 486)
  0x03ecc828: 6446 baff | 8944 2474 | 8bb4 24f0 | 0000 008b | ce90 b8ff 

  0x03ecc83c: ;   {virtual_call}
  0x03ecc83c: ffff ffe8 

  0x03ecc840: ; ImmutableOopMap {[108]=Oop [104]=Oop [240]=Oop }
              ;*invokevirtual getCodeSourceURL {reexecute=0 rethrow=0 return_oop=0}
              ; - java.net.URLClassLoader::defineClass@13 (line 487)
  0x03ecc840: f835 b8ff | 8984 2480 | 0000 008b | 4c24 7483 | f9ff 0f84 | 3501 0000 | ba00 0000 | 0089 0c24 
  0x03ecc860: 8b4c 2468 

  0x03ecc864: ;   {optimized virtual_call}
  0x03ecc864: 6666 90e8 

  0x03ecc868: ; ImmutableOopMap {[108]=Oop [104]=Oop [240]=Oop [128]=Oop }
              ;*invokevirtual substring {reexecute=0 rethrow=0 return_oop=0}
              ; - java.net.URLClassLoader::defineClass@28 (line 489)
  0x03ecc868: b414 c0ff | 8984 2484 | 0000 008b | 8c24 f000 | 0000 b818 

  0x03ecc87c: ;   {virtual_call}
  0x03ecc87c: 8a50 66e8 

  0x03ecc880: ; ImmutableOopMap {[108]=Oop [104]=Oop [240]=Oop [128]=Oop [132]=Oop }
              ;*invokevirtual getManifest {reexecute=0 rethrow=0 return_oop=0}
              ; - java.net.URLClassLoader::defineClass@34 (line 491)
  0x03ecc880: 2ce3 ffff | 8984 2488 | 0000 008b | 9424 8400 | 0000 8904 | 248b b424 | 8000 0000 | 8974 2404 
  0x03ecc8a0: 8b4c 246c 

  0x03ecc8a4: ;   {optimized virtual_call}
  0x03ecc8a4: 6666 90e8 

  0x03ecc8a8: ; ImmutableOopMap {[108]=Oop [104]=Oop [240]=Oop [132]=Oop [136]=Oop [128]=Oop }
              ;*invokevirtual getAndVerifyPackage {reexecute=0 rethrow=0 return_oop=0}
              ; - java.net.URLClassLoader::defineClass@46 (line 492)
  0x03ecc8a8: 4438 cdff | 83f8 000f | 85d8 0000 | 008b 8424 | 8800 0000 | 83f8 000f | 8424 0000 | 008b b424 
  0x03ecc8c8: 8000 0000 | 8b94 2484 | 0000 0089 | 0424 8974 | 2404 8b4c 

  0x03ecc8dc: ;   {optimized virtual_call}
  0x03ecc8dc: 246c 90e8 

  0x03ecc8e0: ; ImmutableOopMap {[108]=Oop [104]=Oop [240]=Oop [132]=Oop [136]=Oop [128]=Oop }
              ;*invokevirtual definePackage {reexecute=0 rethrow=0 return_oop=0}
              ; - java.net.URLClassLoader::defineClass@64 (line 495)
  0x03ecc8e0: 2ca5 d8ff | e9a4 0000 | 008b 9424 | 8400 0000 | c704 2400 | 0000 00c7 | 4424 0400 | 0000 00c7 
  0x03ecc900: 4424 0800 | 0000 00c7 | 4424 0c00 | 0000 00c7 | 4424 1000 | 0000 00c7 | 4424 1400 | 0000 00c7 
  0x03ecc920: 4424 1800 | 0000 008b 

  0x03ecc928: ;   {optimized virtual_call}
  0x03ecc928: 4c24 6ce8 

  0x03ecc92c: ; ImmutableOopMap {[108]=Oop [104]=Oop [240]=Oop [132]=Oop [136]=Oop [128]=Oop }
              ;*invokevirtual definePackage {reexecute=0 rethrow=0 return_oop=0}
              ; - java.net.URLClassLoader::defineClass@81 (line 497)
  0x03ecc92c: e040 baff | e958 0000 | 008b 8c24 | 8800 0000 | 8b84 2480 | 0000 0064 | 8b14 2500 | 0000 008b 
  0x03ecc94c: 52f4 8bf0 | 8b82 8402 | 0000 c782 | 8402 0000 | 0000 0000 | c782 8802 | 0000 0000 | 0000 8b94 
  0x03ecc96c: 2484 0000 | 0089 0c24 | 8974 2404 | 8b4c 246c 

  0x03ecc97c: ;   {optimized virtual_call}
  0x03ecc97c: 6666 90e8 

  0x03ecc980: ; ImmutableOopMap {[108]=Oop [104]=Oop [240]=Oop [132]=Oop [128]=Oop }
              ;*invokevirtual getAndVerifyPackage {reexecute=0 rethrow=0 return_oop=0}
              ; - java.net.URLClassLoader::defineClass@97 (line 502)
  0x03ecc980: 8c40 baff | 83f8 000f | 8437 0100 | 008b b424 | f000 0000 | 8d8c 24c8 | 0000 0089 | 7104 8b06 
  0x03ecc9a0: 83c8 0189 | 01f0 0fb1 | 0e0f 8410 | 0000 002b | c481 e003 | f0ff ff89 | 010f 8565 | 0800 008b 
  0x03ecc9c0: 4e08 83f9 | 000f 8523 | 0000 008b | ce90 b8ff 

  0x03ecc9d0: ;   {virtual_call}
  0x03ecc9d0: ffff ffe8 

  0x03ecc9d4: ; ImmutableOopMap {[108]=Oop [104]=Oop [128]=Oop [240]=Oop [204]=Oop }
              ;*invokevirtual getInputStream {reexecute=0 rethrow=0 return_oop=0}
              ; - jdk.internal.loader.Resource::cachedInputStream@9 (line 77)
              ; - jdk.internal.loader.Resource::getByteBuffer@1 (line 163)
              ; - java.net.URLClassLoader::defineClass@132 (line 511)
  0x03ecc9d4: 7c2e b8ff | 8bb4 24f0 | 0000 0089 | 4608 8bc6 | c1e8 09c6 | 8000 202f | 0300 8b4e | 088d 8424 
  0x03ecc9f4: c800 0000 | 8b38 85ff | 0f84 0d00 | 0000 8b58 | 04f0 0fb1 | 3b0f 8526 | 0800 0083 | f900 0f84 
  0x03ecca14: 3700 0000 

  0x03ecca18: ;   {metadata('sun/nio/ByteBuffered')}
  0x03ecca18: 8b59 0481 | 7b18 d0c2 | 5066 0f84 | 2b00 0000 

  0x03ecca28: ;   {metadata('sun/nio/ByteBuffered')}
  0x03ecca28: 81fb d0c2 | 5066 0f84 | 1f00 0000 

  0x03ecca34: ;   {metadata('sun/nio/ByteBuffered')}
  0x03ecca34: 5368 d0c2 

  0x03ecca38: ;   {runtime_call slow_subtype_check Runtime1 stub}
  0x03ecca38: 5066 e851 | 5eb8 ff5b | 5b83 fb00 | 0f84 0500 | 0000 e904 | 0000 0033 | ffeb 05bf | 0100 0000 
  0x03ecca58: 83ff 000f | 8450 0000 | 0083 f900 | 0f84 3700 | 0000 8b79 

  0x03ecca6c: ;   {metadata('sun/nio/ByteBuffered')}
  0x03ecca6c: 0481 7f18 | d0c2 5066 | 0f84 2700 

  0x03ecca78: ;   {metadata('sun/nio/ByteBuffered')}
  0x03ecca78: 0000 81ff | d0c2 5066 | 0f84 1b00 

  0x03ecca84: ;   {metadata('sun/nio/ByteBuffered')}
  0x03ecca84: 0000 5768 | d0c2 5066 

  0x03ecca8c: ;   {runtime_call slow_subtype_check Runtime1 stub}
  0x03ecca8c: e8ff 5db8 | ff5f 5f83 | ff00 0f84 | ad07 0000 | e900 0000 | 0090 b8ff 

  0x03eccaa4: ;   {virtual_call}
  0x03eccaa4: ffff ffe8 

  0x03eccaa8: ; ImmutableOopMap {[108]=Oop [104]=Oop [128]=Oop [240]=Oop }
              ;*invokeinterface getByteBuffer {reexecute=0 rethrow=0 return_oop=0}
              ; - jdk.internal.loader.Resource::getByteBuffer@16 (line 165)
              ; - java.net.URLClassLoader::defineClass@132 (line 511)
  0x03eccaa8: a441 baff | e905 0000 

  0x03eccab0: ;   {oop(NULL)}
  0x03eccab0: 00b8 0000 | 0000 83f8 | 000f 8480 | 0300 00e9 | a501 0000 

  0x03eccac4: ;   {metadata('java/lang/AssertionError')}
  0x03eccac4: ba40 7152 | 6680 bac3 | 0000 0004 | 0f85 8007 | 0000 648b | 0c25 0000 | 0000 8b49 | f48b 81d0 
  0x03eccae4: 0000 008d | 7820 3bb9 | d800 0000 | 0f87 6007 | 0000 89b9 | d000 0000 | c700 0100 | 0000 8950 
  0x03eccb04: 0433 c9bf | 0300 0000 | 894c f804 | 890c f84f | 75f6 8984 | 248c 0000 

  0x03eccb1c: ;   {metadata('java/lang/StringBuilder')}
  0x03eccb1c: 00ba 580c | 0966 648b | 0c25 0000 | 0000 8b49 | f48b 81d0 | 0000 008d | 7818 3bb9 | d800 0000 
  0x03eccb3c: 0f87 2007 | 0000 89b9 | d000 0000 | c700 0100 | 0000 8950 | 0433 c989 | 4808 8948 | 0c89 4810 
  0x03eccb5c: 8948 14ba | 1000 0000 | 8bc8 8984 | 2490 0000 

  0x03eccb6c: ;   {optimized virtual_call}
  0x03eccb6c: 0066 90e8 

  0x03eccb70: ; ImmutableOopMap {[140]=Oop [132]=Oop [144]=Oop }
              ;*invokespecial <init> {reexecute=0 rethrow=0 return_oop=0}
              ; - java.lang.StringBuilder::<init>@3 (line 106)
              ; - java.net.URLClassLoader::defineClass@111 (line 504)
  0x03eccb70: 9c3e baff 

  0x03eccb74: ;   {oop("Cannot find package "{0x264bd418})}
  0x03eccb74: ba18 d44b | 268b 8c24 | 9000 0000 

  0x03eccb80: ;   {optimized virtual_call}
  0x03eccb80: 6666 90e8 

  0x03eccb84: ; ImmutableOopMap {[140]=Oop [132]=Oop [144]=Oop }
              ;*invokespecial append {reexecute=0 rethrow=0 return_oop=0}
              ; - java.lang.StringBuilder::append@2 (line 179)
              ; - java.net.URLClassLoader::defineClass@116 (line 504)
  0x03eccb84: 883e baff | 8b94 2484 | 0000 008b | 8c24 9000 

  0x03eccb94: ;   {optimized virtual_call}
  0x03eccb94: 0000 90e8 

  0x03eccb98: ; ImmutableOopMap {[140]=Oop [144]=Oop }
              ;*invokespecial append {reexecute=0 rethrow=0 return_oop=0}
              ; - java.lang.StringBuilder::append@2 (line 179)
              ; - java.net.URLClassLoader::defineClass@121 (line 504)
  0x03eccb98: 743e baff | 8b84 2490 | 0000 000f | be50 0c83 | fa00 ba00 | 0000 000f | 8505 0000 | 00ba 0100 
  0x03eccbb8: 0000 83e2 | 0183 fa00 | 0f84 7d04 | 0000 8b58 | 108b 7008 | 83fe 000f | 850a 0000 

  0x03eccbd4: ;   {oop(""{0x25c5e140})}
  0x03eccbd4: 00be 40e1 | c525 e97b | 0400 0089 | b424 9400 

  0x03eccbe4: ;   {metadata('java/lang/String')}
  0x03eccbe4: 0000 ba18 | d100 6664 | 8b0c 2500 | 0000 008b | 49f4 8b81 | d000 0000 | 8d78 183b | b9d8 0000 
  0x03eccc04: 000f 8763 | 0600 0089 | b9d0 0000 | 00c7 0001 | 0000 0089 | 5004 33c9 | 8948 0889 | 480c 8948 
  0x03eccc24: 1089 4814 | 8bcb ba00 | 0000 008b | b424 9400 | 0000 8934 | 2489 8424 | 9800 0000 

  0x03eccc40: ;   {static_call}
  0x03eccc40: 6666 90e8 

  0x03eccc44: ; ImmutableOopMap {[140]=Oop [152]=Oop }
              ;*invokestatic copyOfRange {reexecute=0 rethrow=0 return_oop=0}
              ; - java.lang.StringLatin1::newString@16 (line 769)
              ; - java.lang.StringBuilder::toString@16 (line 453)
              ; - java.net.URLClassLoader::defineClass@124 (line 504)
  0x03eccc44: 4842 baff | 8b8c 2498 | 0000 0089 | 4110 8bc1 | c1e8 09c6 | 8000 202f | 0300 c641 | 0c00 8bf1 
  0x03eccc64: e9f1 0300 | 0089 8424 | 9c00 0000 | 8b8c 24f0 | 0000 0066 | 6690 b8ff 

  0x03eccc7c: ;   {virtual_call}
  0x03eccc7c: ffff ffe8 

  0x03eccc80: ; ImmutableOopMap {[108]=Oop [104]=Oop [128]=Oop [156]=Oop }
              ;*invokevirtual getCodeSigners {reexecute=0 rethrow=0 return_oop=0}
              ; - java.net.URLClassLoader::defineClass@143 (line 514)
  0x03eccc80: cc3f baff 

  0x03eccc84: ;   {metadata('java/security/CodeSource')}
  0x03eccc84: 8bd8 ba70 | 5e0b 6664 | 8b0c 2500 | 0000 008b | 49f4 8b81 | d000 0000 | 8d78 203b | b9d8 0000 
  0x03eccca4: 000f 87cf | 0500 0089 | b9d0 0000 | 00c7 0001 | 0000 0089 | 5004 33c9 | bf03 0000 | 0089 4cf8 
  0x03ecccc4: 0489 0cf8 | 4f75 f68b | 9424 8000 | 0000 891c | 248b c889 | 8424 a000 

  0x03ecccdc: ;   {optimized virtual_call}
  0x03ecccdc: 0000 90e8 

  0x03eccce0: ; ImmutableOopMap {[108]=Oop [104]=Oop [156]=Oop [160]=Oop }
              ;*invokespecial <init> {reexecute=0 rethrow=0 return_oop=0}
              ; - java.net.URLClassLoader::defineClass@156 (line 515)
  0x03eccce0: 2c3d baff 

  0x03eccce4: ;   {runtime_call}
  0x03eccce4: e827 de86 | 678b 7424 | 788b 7c24 | 7c2b c61b | d789 8424 | a800 0000 | 8994 24ac 

  0x03eccd00: ;   {oop(a 'jdk/internal/perf/PerfCounter'{0x25c6d2c0})}
  0x03eccd00: 0000 00be | c0d2 c625 | 8d8c 24c8 | 0000 0089 | 7104 8b06 | 83c8 0189 | 01f0 0fb1 | 0e0f 8410 
  0x03eccd20: 0000 002b | c481 e003 | f0ff ff89 | 010f 8558 | 0500 008d | 8c24 d000 | 0000 8971 | 048b 0683 
  0x03eccd40: c801 8901 | f00f b10e | 0f84 1000 | 0000 2bc4 | 81e0 03f0 | ffff 8901 | 0f85 3e05 | 0000 8b4e 
  0x03eccd60: 0c3b 01ba | 0000 0000 | 89b4 24a4 

  0x03eccd6c: ;   {optimized virtual_call}
  0x03eccd6c: 0000 00e8 

  0x03eccd70: ; ImmutableOopMap {[108]=Oop [104]=Oop [156]=Oop [160]=Oop [164]=Oop [204]=Oop [212]=Oop }
              ;*invokevirtual get {reexecute=0 rethrow=0 return_oop=0}
              ; - jdk.internal.perf.PerfCounter::get@5 (line 84)
              ; - jdk.internal.perf.PerfCounter::add@1 (line 98)
              ; - jdk.internal.perf.PerfCounter::addElapsedTimeFrom@6 (line 120)
              ; - java.net.URLClassLoader::defineClass@165 (line 516)
  0x03eccd70: 9c3c baff | 8bca 8bd0 | 8d84 24d0 | 0000 008b | 3085 f60f | 840d 0000 | 008b 7804 | f00f b137 
  0x03eccd90: 0f85 1c05 | 0000 8bb4 | 24a4 0000 | 008b 760c 

  0x03eccda0: ; implicit exception: dispatches to 0x03ecd2c6
  0x03eccda0: 3b06 8bfa | 8b84 24a8 | 0000 008b | 9424 ac00 | 0000 03f8 | 13ca ba00 | 0000 0089 | 3c24 894c 
  0x03eccdc0: 2404 8bce 

  0x03eccdc4: ;   {optimized virtual_call}
  0x03eccdc4: 6666 90e8 

  0x03eccdc8: ; ImmutableOopMap {[108]=Oop [104]=Oop [156]=Oop [160]=Oop [204]=Oop }
              ;*invokevirtual put {reexecute=0 rethrow=0 return_oop=0}
              ; - jdk.internal.perf.PerfCounter::add@13 (line 99)
              ; - jdk.internal.perf.PerfCounter::addElapsedTimeFrom@6 (line 120)
              ; - java.net.URLClassLoader::defineClass@165 (line 516)
  0x03eccdc8: 443c baff | 8d84 24c8 | 0000 008b | 1085 d20f | 840d 0000 | 008b 4804 | f00f b111 | 0f85 e104 
  0x03eccde8: 0000 8b94 | 24a0 0000 | 008b 4c24 

  0x03eccdf4: ;   {optimized virtual_call}
  0x03eccdf4: 6c66 90e8 

  0x03eccdf8: ; ImmutableOopMap {[108]=Oop [104]=Oop [156]=Oop [160]=Oop }
              ;*invokevirtual getProtectionDomain {reexecute=0 rethrow=0 return_oop=0}
              ; - java.security.SecureClassLoader::defineClass@5 (line 182)
              ; - java.net.URLClassLoader::defineClass@174 (line 517)
  0x03eccdf8: 143c baff | 8b54 2468 | 8bb4 249c | 0000 0089 | 3424 8944 | 2404 8b4c | 246c 89b4 | 249c 0000 
  0x03ecce18: ;   {optimized virtual_call}
  0x03ecce18: 0066 90e8 

  0x03ecce1c: ; ImmutableOopMap {[108]=Oop [104]=Oop [160]=Oop [156]=Oop }
              ;*invokevirtual defineClass {reexecute=0 rethrow=0 return_oop=0}
              ; - java.security.SecureClassLoader::defineClass@8 (line 182)
              ; - java.net.URLClassLoader::defineClass@174 (line 517)
  0x03ecce1c: f03b baff | 81c4 e800 | 0000 5d64 | 8b1c 2500 | 0000 008b 

  0x03ecce30: ;   {poll_return}
  0x03ecce30: 5bf4 3ba3 | 5002 0000 | 0f87 a104 | 0000 c38b | b424 f000 | 0000 8bce | 6690 b8ff 

  0x03ecce4c: ;   {virtual_call}
  0x03ecce4c: ffff ffe8 

  0x03ecce50: ; ImmutableOopMap {[108]=Oop [104]=Oop [128]=Oop [240]=Oop }
              ;*invokevirtual getBytes {reexecute=0 rethrow=0 return_oop=0}
              ; - java.net.URLClassLoader::defineClass@179 (line 519)
  0x03ecce50: 502b b8ff | 8984 24b0 | 0000 008b | 8c24 f000 | 0000 b8ff 

  0x03ecce64: ;   {virtual_call}
  0x03ecce64: ffff ffe8 

  0x03ecce68: ; ImmutableOopMap {[108]=Oop [104]=Oop [128]=Oop [176]=Oop }
              ;*invokevirtual getCodeSigners {reexecute=0 rethrow=0 return_oop=0}
              ; - java.net.URLClassLoader::defineClass@185 (line 521)
  0x03ecce68: 182d b8ff 

  0x03ecce6c: ;   {metadata('java/security/CodeSource')}
  0x03ecce6c: 8bd8 ba70 | 5e0b 6664 | 8b0c 2500 | 0000 008b | 49f4 8b81 | d000 0000 | 8d78 203b | b9d8 0000 
  0x03ecce8c: 000f 876b | 0400 0089 | b9d0 0000 | 00c7 0001 | 0000 0089 | 5004 33c9 | bf03 0000 | 0089 4cf8 
  0x03ecceac: 0489 0cf8 | 4f75 f68b | 9424 8000 | 0000 891c | 248b c889 | 8424 b400 

  0x03eccec4: ;   {optimized virtual_call}
  0x03eccec4: 0000 90e8 

  0x03eccec8: ; ImmutableOopMap {[108]=Oop [104]=Oop [176]=Oop [180]=Oop }
              ;*invokespecial <init> {reexecute=0 rethrow=0 return_oop=0}
              ; - java.net.URLClassLoader::defineClass@198 (line 522)
  0x03eccec8: f485 d4ff 

  0x03eccecc: ;   {runtime_call}
  0x03eccecc: e83f dc86 | 678b 7424 | 788b 4c24 | 7c2b c61b | d189 8424 | c000 0000 | 8994 24c4 

  0x03eccee8: ;   {oop(a 'jdk/internal/perf/PerfCounter'{0x25c6d2c0})}
  0x03eccee8: 0000 00be | c0d2 c625 | 8d8c 24c8 | 0000 0089 | 7104 8b06 | 83c8 0189 | 01f0 0fb1 | 0e0f 8410 
  0x03eccf08: 0000 002b | c481 e003 | f0ff ff89 | 010f 85f4 | 0300 008d | 8c24 d000 | 0000 8971 | 048b 0683 
  0x03eccf28: c801 8901 | f00f b10e | 0f84 1000 | 0000 2bc4 | 81e0 03f0 | ffff 8901 | 0f85 da03 | 0000 8b4e 
  0x03eccf48: 0c3b 01ba | 0000 0000 | 89b4 24b8 

  0x03eccf54: ;   {optimized virtual_call}
  0x03eccf54: 0000 00e8 

  0x03eccf58: ; ImmutableOopMap {[108]=Oop [104]=Oop [176]=Oop [180]=Oop [184]=Oop [204]=Oop [212]=Oop }
              ;*invokevirtual get {reexecute=0 rethrow=0 return_oop=0}
              ; - jdk.internal.perf.PerfCounter::get@5 (line 84)
              ; - jdk.internal.perf.PerfCounter::add@1 (line 98)
              ; - jdk.internal.perf.PerfCounter::addElapsedTimeFrom@6 (line 120)
              ; - java.net.URLClassLoader::defineClass@207 (line 523)
  0x03eccf58: 94d5 c6ff | 8bca 8bd0 | 8d84 24d0 | 0000 008b | 3085 f60f | 840d 0000 | 008b 7804 | f00f b137 
  0x03eccf78: 0f85 b803 | 0000 8bb4 | 24b8 0000 | 008b 760c 

  0x03eccf88: ; implicit exception: dispatches to 0x03ecd34a
  0x03eccf88: 3b06 8bfa | 8b84 24c0 | 0000 008b | 9424 c400 | 0000 03f8 | 13ca ba00 | 0000 0089 | 3c24 894c 
  0x03eccfa8: 2404 8bce 

  0x03eccfac: ;   {optimized virtual_call}
  0x03eccfac: 6666 90e8 

  0x03eccfb0: ; ImmutableOopMap {[108]=Oop [104]=Oop [176]=Oop [180]=Oop [204]=Oop }
              ;*invokevirtual put {reexecute=0 rethrow=0 return_oop=0}
              ; - jdk.internal.perf.PerfCounter::add@13 (line 99)
              ; - jdk.internal.perf.PerfCounter::addElapsedTimeFrom@6 (line 120)
              ; - java.net.URLClassLoader::defineClass@207 (line 523)
  0x03eccfb0: 3c8b c7ff | 8d84 24c8 | 0000 008b | 1085 d20f | 840d 0000 | 008b 4804 | f00f b111 | 0f85 7d03 
  0x03eccfd0: 0000 8b84 | 24b0 0000 | 008b 7008 | 8b94 24b4 | 0000 008b | 4c24 6c89 | b424 bc00 

  0x03eccfec: ;   {optimized virtual_call}
  0x03eccfec: 0000 90e8 

  0x03eccff0: ; ImmutableOopMap {[108]=Oop [104]=Oop [180]=Oop [176]=Oop }
              ;*invokevirtual getProtectionDomain {reexecute=0 rethrow=0 return_oop=0}
              ; - java.security.SecureClassLoader::defineClass@9 (line 150)
              ; - java.net.URLClassLoader::defineClass@220 (line 524)
  0x03eccff0: 1c88 d4ff | 8b54 2468 | 8bb4 24b0 | 0000 0089 | 3424 c744 | 2404 0000 | 0000 8b8c | 24bc 0000 
  0x03ecd010: 0089 4c24 | 0889 4424 | 0c8b 4c24 

  0x03ecd01c: ;   {optimized virtual_call}
  0x03ecd01c: 6c66 90e8 

  0x03ecd020: ; ImmutableOopMap {[108]=Oop [104]=Oop [180]=Oop [176]=Oop }
              ;*invokevirtual defineClass {reexecute=0 rethrow=0 return_oop=0}
              ; - java.security.SecureClassLoader::defineClass@12 (line 150)
              ; - java.net.URLClassLoader::defineClass@220 (line 524)
  0x03ecd020: 3c93 d4ff | 81c4 e800 | 0000 5d64 | 8b1c 2500 | 0000 008b 

  0x03ecd034: ;   {poll_return}
  0x03ecd034: 5bf4 3ba3 | 5002 0000 | 0f87 2603 | 0000 c38b | 4810 8b70 | 08ba 0000 | 0000 8934 

  0x03ecd050: ;   {static_call}
  0x03ecd050: 2466 90e8 

  0x03ecd054: ; ImmutableOopMap {[140]=Oop }
              ;*invokestatic newString {reexecute=0 rethrow=0 return_oop=0}
              ; - java.lang.StringBuilder::toString@31 (line 454)
              ; - java.net.URLClassLoader::defineClass@124 (line 504)
  0x03ecd054: 383e baff | 8bf0 8b84 | 248c 0000 | 008b d68b 

  0x03ecd064: ;   {optimized virtual_call}
  0x03ecd064: c866 90e8 

  0x03ecd068: ; ImmutableOopMap {[140]=Oop }
              ;*invokespecial <init> {reexecute=0 rethrow=0 return_oop=0}
              ; - java.net.URLClassLoader::defineClass@127 (line 504)
  0x03ecd068: a439 baff | 8b84 248c | 0000 00e9 | ca03 0000 | 648b 1425 | 0000 0000 | 8b52 f48b | 8284 0200 
  0x03ecd088: 00c7 8284 | 0200 0000 | 0000 00c7 | 8288 0200 | 0000 0000 

  0x03ecd09c: ;   {oop(a 'jdk/internal/perf/PerfCounter'{0x25c6d2c0})}
  0x03ecd09c: 008b d0b8 | c0d2 c625 | 8d84 24d0 | 0000 008b | 3085 f60f | 840d 0000 | 008b 7804 | f00f b137 
  0x03ecd0bc: 0f85 c502 

  0x03ecd0c0: ; ImmutableOopMap {ecx=Oop [176]=Oop [108]=Oop [104]=Oop [204]=Oop eax=Oop }
              ;*invokevirtual get {reexecute=0 rethrow=0 return_oop=0}
              ; - jdk.internal.perf.PerfCounter::add@1 (line 98)
              ; - jdk.internal.perf.PerfCounter::addElapsedTimeFrom@6 (line 120)
              ; - java.net.URLClassLoader::defineClass@207 (line 523)
  0x03ecd0c0: 0000 8bc2 

  0x03ecd0c4: ;   {section_word}
  0x03ecd0c4: bac4 d0ec 

  0x03ecd0c8: ;   {runtime_call handle_exception_nofpu Runtime1 stub}
  0x03ecd0c8: 03e8 825e | b8ff 9064 | 8b14 2500 | 0000 008b | 52f4 8b82 | 8402 0000 | c782 8402 | 0000 0000 
  0x03ecd0e8: 0000 c782 | 8802 0000 | 0000 0000 

  0x03ecd0f4: ;   {oop(a 'jdk/internal/perf/PerfCounter'{0x25c6d2c0})}
  0x03ecd0f4: 8bd0 b8c0 | d2c6 258d | 8424 c800 | 0000 8b30 | 85f6 0f84 | 0d00 0000 | 8b78 04f0 | 0fb1 370f 
  0x03ecd114: 8582 0200 | 008b c2e9 | 2203 0000 | 8b54 2468 | 648b 3425 | 0000 0000 | 8b76 f48b | 8684 0200 
  0x03ecd134: 00c7 8684 | 0200 0000 | 0000 00c7 | 8688 0200 | 0000 0000 

  0x03ecd148: ;   {oop(a 'jdk/internal/perf/PerfCounter'{0x25c6d2c0})}
  0x03ecd148: 008b f0b8 | c0d2 c625 | 8d84 24d0 | 0000 008b | 3885 ff0f | 840d 0000 | 008b 5804 | f00f b13b 
  0x03ecd168: 0f85 4102 | 0000 8bc6 

  0x03ecd170: ; ImmutableOopMap {[156]=Oop ecx=Oop [108]=Oop esi=Oop [104]=Oop [204]=Oop eax=Oop }
              ;*invokevirtual get {reexecute=0 rethrow=0 return_oop=0}
              ; - jdk.internal.perf.PerfCounter::add@1 (line 98)
              ; - jdk.internal.perf.PerfCounter::addElapsedTimeFrom@6 (line 120)
              ; - java.net.URLClassLoader::defineClass@165 (line 516)
              ;   {section_word}
  0x03ecd170: 8bf2 ba72 

  0x03ecd174: ;   {runtime_call handle_exception_nofpu Runtime1 stub}
  0x03ecd174: d1ec 03e8 | d45d b8ff | 9064 8b34 | 2500 0000 | 008b 76f4 | 8b86 8402 | 0000 c786 | 8402 0000 
  0x03ecd194: 0000 0000 | c786 8802 | 0000 0000 | 0000 8bf0 

  0x03ecd1a4: ;   {oop(a 'jdk/internal/perf/PerfCounter'{0x25c6d2c0})}
  0x03ecd1a4: b8c0 d2c6 | 258d 8424 | c800 0000 | 8b38 85ff | 0f84 0d00 | 0000 8b58 | 04f0 0fb1 | 3b0f 85fc 
  0x03ecd1c4: 0100 008b | c6e9 7402 | 0000 648b | 3425 0000 | 0000 8b76 | f48b 8684 | 0200 00c7 | 8684 0200 
  0x03ecd1e4: 0000 0000 | 00c7 8688 | 0200 0000 | 0000 008b | f08d 8424 | c800 0000 | 8b38 85ff | 0f84 0d00 
  0x03ecd204: 0000 8b58 | 04f0 0fb1 | 3b0f 85c4 | 0100 008b | c6e9 2802 

  0x03ecd218: ;   {runtime_call throw_null_pointer_exception Runtime1 stub}
  0x03ecd218: 0000 e8c1 

  0x03ecd21c: ; ImmutableOopMap {[240]=Oop [108]=Oop esi=Oop [104]=Oop }
              ;*invokevirtual lastIndexOf {reexecute=0 rethrow=0 return_oop=0}
              ; - java.net.URLClassLoader::defineClass@7 (line 486)
              ;   {runtime_call throw_null_pointer_exception Runtime1 stub}
  0x03ecd21c: 67b8 ffe8 

  0x03ecd220: ; ImmutableOopMap {[240]=Oop [108]=Oop esi=Oop [104]=Oop edi=Oop }
              ;*arraylength {reexecute=0 rethrow=0 return_oop=0}
              ; - java.lang.String::length@4 (line 1481)
              ; - java.lang.String::lastIndexOf@3 (line 2451)
              ; - java.net.URLClassLoader::defineClass@7 (line 486)
  0x03ecd220: bc67 b8ff | 8974 2404 

  0x03ecd228: ;   {runtime_call monitorenter_nofpu Runtime1 stub}
  0x03ecd228: 890c 24e8 

  0x03ecd22c: ; ImmutableOopMap {[108]=Oop [104]=Oop [128]=Oop esi=Oop [240]=Oop [204]=Oop }
              ;*synchronization entry
              ; - jdk.internal.loader.Resource::cachedInputStream@-1 (line 76)
              ; - jdk.internal.loader.Resource::getByteBuffer@1 (line 163)
              ; - java.net.URLClassLoader::defineClass@132 (line 511)
  0x03ecd22c: 2054 b8ff | e98a f7ff | ff8d 8424 | c800 0000 

  0x03ecd23c: ;   {runtime_call monitorexit_nofpu Runtime1 stub}
  0x03ecd23c: 8904 24e8 | cc51 b8ff | e9c6 f7ff | ff89 0c24 

  0x03ecd24c: ;   {runtime_call throw_class_cast_exception Runtime1 stub}
  0x03ecd24c: e84f 58b8 

  0x03ecd250: ; ImmutableOopMap {[108]=Oop [104]=Oop [128]=Oop [240]=Oop }
              ;*checkcast {reexecute=0 rethrow=0 return_oop=0}
              ; - jdk.internal.loader.Resource::getByteBuffer@13 (line 165)
              ; - java.net.URLClassLoader::defineClass@132 (line 511)
              ;   {runtime_call throw_null_pointer_exception Runtime1 stub}
  0x03ecd250: ffe8 8a67 

  0x03ecd254: ; ImmutableOopMap {[132]=Oop }
              ;*new {reexecute=0 rethrow=0 return_oop=0}
              ; - java.net.URLClassLoader::defineClass@103 (line 504)
  0x03ecd254: b8ff 8bd2 

  0x03ecd258: ;   {runtime_call fast_new_instance_init_check Runtime1 stub}
  0x03ecd258: e873 62b8 

  0x03ecd25c: ; ImmutableOopMap {[132]=Oop }
              ;*new {reexecute=0 rethrow=0 return_oop=0}
              ; - java.net.URLClassLoader::defineClass@103 (line 504)
  0x03ecd25c: ffe9 b4f8 | ffff 8bd2 

  0x03ecd264: ;   {runtime_call fast_new_instance Runtime1 stub}
  0x03ecd264: e8a7 63b8 

  0x03ecd268: ; ImmutableOopMap {[132]=Oop [140]=Oop }
              ;*new {reexecute=0 rethrow=0 return_oop=0}
              ; - java.net.URLClassLoader::defineClass@107 (line 504)
  0x03ecd268: ffe9 f1f8 | ffff 8bd2 

  0x03ecd270: ;   {runtime_call fast_new_instance Runtime1 stub}
  0x03ecd270: e89b 63b8 

  0x03ecd274: ; ImmutableOopMap {[140]=Oop ebx=Oop }
              ;*new {reexecute=0 rethrow=0 return_oop=0}
              ; - java.lang.StringLatin1::newString@7 (line 769)
              ; - java.lang.StringBuilder::toString@16 (line 453)
              ; - java.net.URLClassLoader::defineClass@124 (line 504)
  0x03ecd274: ffe9 aef9 | ffff 8bd2 

  0x03ecd27c: ;   {runtime_call fast_new_instance Runtime1 stub}
  0x03ecd27c: e88f 63b8 

  0x03ecd280: ; ImmutableOopMap {[108]=Oop [104]=Oop [128]=Oop [156]=Oop ebx=Oop }
              ;*new {reexecute=0 rethrow=0 return_oop=0}
              ; - java.net.URLClassLoader::defineClass@148 (line 515)
  0x03ecd280: ffe9 45fa 

  0x03ecd284: ;   {runtime_call throw_null_pointer_exception Runtime1 stub}
  0x03ecd284: ffff e855 

  0x03ecd288: ; ImmutableOopMap {[108]=Oop [104]=Oop [156]=Oop [160]=Oop esi=Oop }
              ;*synchronization entry
              ; - jdk.internal.perf.PerfCounter::add@-1 (line 98)
              ; - jdk.internal.perf.PerfCounter::addElapsedTimeFrom@6 (line 120)
              ; - java.net.URLClassLoader::defineClass@165 (line 516)
  0x03ecd288: 67b8 ff89 | 7424 0489 

  0x03ecd290: ;   {runtime_call monitorenter_nofpu Runtime1 stub}
  0x03ecd290: 0c24 e8b9 

  0x03ecd294: ; ImmutableOopMap {[108]=Oop [104]=Oop [156]=Oop [160]=Oop esi=Oop [204]=Oop }
              ;*synchronization entry
              ; - jdk.internal.perf.PerfCounter::add@-1 (line 98)
              ; - jdk.internal.perf.PerfCounter::addElapsedTimeFrom@6 (line 120)
              ; - java.net.URLClassLoader::defineClass@165 (line 516)
  0x03ecd294: 53b8 ffe9 | 97fa ffff | 8974 2404 

  0x03ecd2a0: ;   {runtime_call monitorenter_nofpu Runtime1 stub}
  0x03ecd2a0: 890c 24e8 

  0x03ecd2a4: ; ImmutableOopMap {[108]=Oop [104]=Oop [156]=Oop [160]=Oop esi=Oop [204]=Oop [212]=Oop }
              ;*synchronization entry
              ; - jdk.internal.perf.PerfCounter::get@-1 (line 84)
              ; - jdk.internal.perf.PerfCounter::add@1 (line 98)
              ; - jdk.internal.perf.PerfCounter::addElapsedTimeFrom@6 (line 120)
              ; - java.net.URLClassLoader::defineClass@165 (line 516)
  0x03ecd2a4: a853 b8ff | e9b1 faff 

  0x03ecd2ac: ;   {runtime_call throw_null_pointer_exception Runtime1 stub}
  0x03ecd2ac: ffe8 2e67 

  0x03ecd2b0: ; ImmutableOopMap {[108]=Oop [104]=Oop [156]=Oop [160]=Oop esi=Oop ecx=Oop [204]=Oop [212]=Oop }
              ;*invokevirtual get {reexecute=0 rethrow=0 return_oop=0}
              ; - jdk.internal.perf.PerfCounter::get@5 (line 84)
              ; - jdk.internal.perf.PerfCounter::add@1 (line 98)
              ; - jdk.internal.perf.PerfCounter::addElapsedTimeFrom@6 (line 120)
              ; - java.net.URLClassLoader::defineClass@165 (line 516)
  0x03ecd2b0: b8ff 8d84 | 24d0 0000 | 0089 0424 

  0x03ecd2bc: ;   {runtime_call monitorexit_nofpu Runtime1 stub}
  0x03ecd2bc: e84f 51b8 | ffe9 d0fa 

  0x03ecd2c4: ;   {runtime_call throw_null_pointer_exception Runtime1 stub}
  0x03ecd2c4: ffff e815 

  0x03ecd2c8: ; ImmutableOopMap {[108]=Oop [104]=Oop [156]=Oop [160]=Oop esi=Oop [204]=Oop }
              ;*invokevirtual put {reexecute=0 rethrow=0 return_oop=0}
              ; - jdk.internal.perf.PerfCounter::add@13 (line 99)
              ; - jdk.internal.perf.PerfCounter::addElapsedTimeFrom@6 (line 120)
              ; - java.net.URLClassLoader::defineClass@165 (line 516)
  0x03ecd2c8: 67b8 ff8d | 8424 c800 | 0000 8904 

  0x03ecd2d4: ;   {runtime_call monitorexit_nofpu Runtime1 stub}
  0x03ecd2d4: 24e8 3651 | b8ff e90b | fbff ff51 

  0x03ecd2e0: ;   {internal_word}
  0x03ecd2e0: 52b9 32ce | ec03 648b | 1425 0000 | 0000 8b52 | f489 8a5c | 0200 005a 

  0x03ecd2f8: ;   {runtime_call SafepointBlob}
  0x03ecd2f8: 59e9 a285 | baff 8bd2 

  0x03ecd300: ;   {runtime_call fast_new_instance Runtime1 stub}
  0x03ecd300: e80b 63b8 

  0x03ecd304: ; ImmutableOopMap {[108]=Oop [104]=Oop [128]=Oop [176]=Oop ebx=Oop }
              ;*new {reexecute=0 rethrow=0 return_oop=0}
              ; - java.net.URLClassLoader::defineClass@190 (line 522)
  0x03ecd304: ffe9 a9fb 

  0x03ecd308: ;   {runtime_call throw_null_pointer_exception Runtime1 stub}
  0x03ecd308: ffff e8d1 

  0x03ecd30c: ; ImmutableOopMap {[108]=Oop [104]=Oop [176]=Oop [180]=Oop esi=Oop }
              ;*synchronization entry
              ; - jdk.internal.perf.PerfCounter::add@-1 (line 98)
              ; - jdk.internal.perf.PerfCounter::addElapsedTimeFrom@6 (line 120)
              ; - java.net.URLClassLoader::defineClass@207 (line 523)
  0x03ecd30c: 66b8 ff89 | 7424 0489 

  0x03ecd314: ;   {runtime_call monitorenter_nofpu Runtime1 stub}
  0x03ecd314: 0c24 e835 

  0x03ecd318: ; ImmutableOopMap {[108]=Oop [104]=Oop [176]=Oop [180]=Oop esi=Oop [204]=Oop }
              ;*synchronization entry
              ; - jdk.internal.perf.PerfCounter::add@-1 (line 98)
              ; - jdk.internal.perf.PerfCounter::addElapsedTimeFrom@6 (line 120)
              ; - java.net.URLClassLoader::defineClass@207 (line 523)
  0x03ecd318: 53b8 ffe9 | fbfb ffff | 8974 2404 

  0x03ecd324: ;   {runtime_call monitorenter_nofpu Runtime1 stub}
  0x03ecd324: 890c 24e8 

  0x03ecd328: ; ImmutableOopMap {[108]=Oop [104]=Oop [176]=Oop [180]=Oop esi=Oop [204]=Oop [212]=Oop }
              ;*synchronization entry
              ; - jdk.internal.perf.PerfCounter::get@-1 (line 84)
              ; - jdk.internal.perf.PerfCounter::add@1 (line 98)
              ; - jdk.internal.perf.PerfCounter::addElapsedTimeFrom@6 (line 120)
              ; - java.net.URLClassLoader::defineClass@207 (line 523)
  0x03ecd328: 2453 b8ff | e915 fcff 

  0x03ecd330: ;   {runtime_call throw_null_pointer_exception Runtime1 stub}
  0x03ecd330: ffe8 aa66 

  0x03ecd334: ; ImmutableOopMap {[108]=Oop [104]=Oop [176]=Oop [180]=Oop esi=Oop ecx=Oop [204]=Oop [212]=Oop }
              ;*invokevirtual get {reexecute=0 rethrow=0 return_oop=0}
              ; - jdk.internal.perf.PerfCounter::get@5 (line 84)
              ; - jdk.internal.perf.PerfCounter::add@1 (line 98)
              ; - jdk.internal.perf.PerfCounter::addElapsedTimeFrom@6 (line 120)
              ; - java.net.URLClassLoader::defineClass@207 (line 523)
  0x03ecd334: b8ff 8d84 | 24d0 0000 | 0089 0424 

  0x03ecd340: ;   {runtime_call monitorexit_nofpu Runtime1 stub}
  0x03ecd340: e8cb 50b8 | ffe9 34fc 

  0x03ecd348: ;   {runtime_call throw_null_pointer_exception Runtime1 stub}
  0x03ecd348: ffff e891 

  0x03ecd34c: ; ImmutableOopMap {[108]=Oop [104]=Oop [176]=Oop [180]=Oop esi=Oop [204]=Oop }
              ;*invokevirtual put {reexecute=0 rethrow=0 return_oop=0}
              ; - jdk.internal.perf.PerfCounter::add@13 (line 99)
              ; - jdk.internal.perf.PerfCounter::addElapsedTimeFrom@6 (line 120)
              ; - java.net.URLClassLoader::defineClass@207 (line 523)
  0x03ecd34c: 66b8 ff8d | 8424 c800 | 0000 8904 

  0x03ecd358: ;   {runtime_call monitorexit_nofpu Runtime1 stub}
  0x03ecd358: 24e8 b250 | b8ff e96f 

  0x03ecd360: ;   {runtime_call throw_null_pointer_exception Runtime1 stub}
  0x03ecd360: fcff ffe8 

  0x03ecd364: ; ImmutableOopMap {[108]=Oop [104]=Oop [180]=Oop eax=Oop [176]=Oop }
              ;*arraylength {reexecute=0 rethrow=0 return_oop=0}
              ; - java.net.URLClassLoader::defineClass@217 (line 524)
  0x03ecd364: 7866 b8ff 

  0x03ecd368: ;   {internal_word}
  0x03ecd368: 5152 b936 | d0ec 0364 | 8b14 2500 | 0000 008b | 52f4 898a | 5c02 0000 

  0x03ecd380: ;   {runtime_call SafepointBlob}
  0x03ecd380: 5a59 e919 | 85ba ff8d | 8424 d000 | 0000 8904 

  0x03ecd390: ;   {runtime_call monitorexit_nofpu Runtime1 stub}
  0x03ecd390: 24e8 7a50 | b8ff e927 | fdff ff8d | 8424 c800 | 0000 8904 

  0x03ecd3a4: ;   {runtime_call monitorexit_nofpu Runtime1 stub}
  0x03ecd3a4: 24e8 6650 | b8ff e96a | fdff ff8d | 8424 d000 | 0000 8904 

  0x03ecd3b8: ;   {runtime_call monitorexit_nofpu Runtime1 stub}
  0x03ecd3b8: 24e8 5250 | b8ff e9ab | fdff ff8d | 8424 c800 | 0000 8904 

  0x03ecd3cc: ;   {runtime_call monitorexit_nofpu Runtime1 stub}
  0x03ecd3cc: 24e8 3e50 | b8ff e9f0 | fdff ff8d | 8424 c800 | 0000 8904 

  0x03ecd3e0: ;   {runtime_call monitorexit_nofpu Runtime1 stub}
  0x03ecd3e0: 24e8 2a50 | b8ff e928 | feff ff8b | 8c24 a000 | 0000 e929 | fdff ff8b | 8c24 b400 | 0000 e975 
  0x03ecd400: fcff ff8b | 8c24 a000 | 0000 e911 | fdff ff8b | 8c24 b400 | 0000 e95d | fcff ff90 | 9064 8b34 
  0x03ecd420: 2500 0000 | 008b 76f4 | 8b86 8402 | 0000 c786 | 8402 0000 | 0000 0000 | c786 8802 | 0000 0000 
  0x03ecd440: 0000 81c4 | e800 0000 

  0x03ecd448: ;   {runtime_call unwind_exception Runtime1 stub}
  0x03ecd448: 5de9 c26b | b8ff f4f4 
[Stub Code]
  0x03ecd450: ;   {no_reloc}
  0x03ecd450: 6690 bb00 

  0x03ecd454: ;   {runtime_call}
  0x03ecd454: 0000 00e9 | fbff ffff 

  0x03ecd45c: ;   {static_stub}
  0x03ecd45c: 6690 bb00 

  0x03ecd460: ;   {runtime_call}
  0x03ecd460: 0000 00e9 | fbff ffff 

  0x03ecd468: ;   {static_stub}
  0x03ecd468: 6690 bb00 

  0x03ecd46c: ;   {runtime_call}
  0x03ecd46c: 0000 00e9 | fbff ffff 

  0x03ecd474: ;   {static_stub}
  0x03ecd474: 6690 bb00 

  0x03ecd478: ;   {runtime_call}
  0x03ecd478: 0000 00e9 | fbff ffff 

  0x03ecd480: ;   {static_stub}
  0x03ecd480: 6690 bb00 

  0x03ecd484: ;   {runtime_call}
  0x03ecd484: 0000 00e9 | fbff ffff 

  0x03ecd48c: ;   {static_stub}
  0x03ecd48c: 6690 bb00 

  0x03ecd490: ;   {runtime_call}
  0x03ecd490: 0000 00e9 | fbff ffff 

  0x03ecd498: ;   {static_stub}
  0x03ecd498: 6690 bb00 

  0x03ecd49c: ;   {runtime_call}
  0x03ecd49c: 0000 00e9 | fbff ffff 

  0x03ecd4a4: ;   {static_stub}
  0x03ecd4a4: 6690 bb00 

  0x03ecd4a8: ;   {runtime_call}
  0x03ecd4a8: 0000 00e9 | fbff ffff 

  0x03ecd4b0: ;   {static_stub}
  0x03ecd4b0: 6690 bb00 

  0x03ecd4b4: ;   {runtime_call}
  0x03ecd4b4: 0000 00e9 | fbff ffff 

  0x03ecd4bc: ;   {static_stub}
  0x03ecd4bc: 6690 bb00 

  0x03ecd4c0: ;   {runtime_call}
  0x03ecd4c0: 0000 00e9 | fbff ffff 

  0x03ecd4c8: ;   {static_stub}
  0x03ecd4c8: 6690 bb00 

  0x03ecd4cc: ;   {runtime_call}
  0x03ecd4cc: 0000 00e9 | fbff ffff 

  0x03ecd4d4: ;   {static_stub}
  0x03ecd4d4: 6690 bb00 

  0x03ecd4d8: ;   {runtime_call}
  0x03ecd4d8: 0000 00e9 | fbff ffff 

  0x03ecd4e0: ;   {static_stub}
  0x03ecd4e0: 6690 bb00 

  0x03ecd4e4: ;   {runtime_call}
  0x03ecd4e4: 0000 00e9 | fbff ffff 

  0x03ecd4ec: ;   {static_stub}
  0x03ecd4ec: 6690 bb00 

  0x03ecd4f0: ;   {runtime_call}
  0x03ecd4f0: 0000 00e9 | fbff ffff 

  0x03ecd4f8: ;   {static_stub}
  0x03ecd4f8: 6690 bb00 

  0x03ecd4fc: ;   {runtime_call}
  0x03ecd4fc: 0000 00e9 | fbff ffff 

  0x03ecd504: ;   {static_stub}
  0x03ecd504: 6690 bb00 

  0x03ecd508: ;   {runtime_call}
  0x03ecd508: 0000 00e9 | fbff ffff 

  0x03ecd510: ;   {static_stub}
  0x03ecd510: 6690 bb00 

  0x03ecd514: ;   {runtime_call}
  0x03ecd514: 0000 00e9 | fbff ffff 

  0x03ecd51c: ;   {static_stub}
  0x03ecd51c: 6690 bb00 

  0x03ecd520: ;   {runtime_call}
  0x03ecd520: 0000 00e9 | fbff ffff 

  0x03ecd528: ;   {static_stub}
  0x03ecd528: 6690 bb00 

  0x03ecd52c: ;   {runtime_call}
  0x03ecd52c: 0000 00e9 | fbff ffff 

  0x03ecd534: ;   {static_stub}
  0x03ecd534: 6690 bb00 

  0x03ecd538: ;   {runtime_call}
  0x03ecd538: 0000 00e9 | fbff ffff 

  0x03ecd540: ;   {static_stub}
  0x03ecd540: 6690 bb00 

  0x03ecd544: ;   {runtime_call}
  0x03ecd544: 0000 00e9 | fbff ffff 

  0x03ecd54c: ;   {static_stub}
  0x03ecd54c: 6690 bb00 

  0x03ecd550: ;   {runtime_call}
  0x03ecd550: 0000 00e9 | fbff ffff 

  0x03ecd558: ;   {static_stub}
  0x03ecd558: 6690 bb00 

  0x03ecd55c: ;   {runtime_call}
  0x03ecd55c: 0000 00e9 | fbff ffff 

  0x03ecd564: ;   {static_stub}
  0x03ecd564: 6690 bb00 

  0x03ecd568: ;   {runtime_call}
  0x03ecd568: 0000 00e9 | fbff ffff 

  0x03ecd570: ;   {static_stub}
  0x03ecd570: 6690 bb00 

  0x03ecd574: ;   {runtime_call}
  0x03ecd574: 0000 00e9 | fbff ffff 

  0x03ecd57c: ;   {static_stub}
  0x03ecd57c: 6690 bb00 

  0x03ecd580: ;   {runtime_call}
  0x03ecd580: 0000 00e9 | fbff ffff 

  0x03ecd588: ;   {static_stub}
  0x03ecd588: 6690 bb00 

  0x03ecd58c: ;   {runtime_call}
  0x03ecd58c: 0000 00e9 | fbff ffff 

  0x03ecd594: ;   {static_stub}
  0x03ecd594: 6690 bb00 

  0x03ecd598: ;   {runtime_call}
  0x03ecd598: 0000 00e9 | fbff ffff 

  0x03ecd5a0: ;   {static_stub}
  0x03ecd5a0: 6690 bb00 

  0x03ecd5a4: ;   {runtime_call}
  0x03ecd5a4: 0000 00e9 | fbff ffff 

  0x03ecd5ac: ;   {static_stub}
  0x03ecd5ac: 6690 bb00 

  0x03ecd5b0: ;   {runtime_call}
  0x03ecd5b0: 0000 00e9 | fbff ffff 
[Exception Handler]
  0x03ecd5b8: ;   {runtime_call handle_exception_from_callee Runtime1 stub}
  0x03ecd5b8: e853 57b8 

  0x03ecd5bc: ;   {external_word}
  0x03ecd5bc: ff68 30b7 | 866b e800 | 0000 0060 

  0x03ecd5c8: ;   {runtime_call}
  0x03ecd5c8: e893 b97f 

  0x03ecd5cc: ;   {section_word}
  0x03ecd5cc: 67f4 68ce 

  0x03ecd5d0: ;   {runtime_call DeoptimizationBlob}
  0x03ecd5d0: d5ec 03e9 | 687c baff 
[/MachCode]


---------------  P R O C E S S  ---------------

Threads class SMR info:
_java_thread_list=0x7c5e9db8, length=205, elements={
0x03960f10, 0x65c1a508, 0x65c1bcf0, 0x65c40210,
0x65c40bb8, 0x65c41758, 0x65c42cb0, 0x65c4a890,
0x65c4b458, 0x65cc4bd0, 0x65deb4c8, 0x68661ae0,
0x68700330, 0x6875d6f0, 0x687db640, 0x687d8fb0,
0x68814168, 0x6881f3b0, 0x6881f088, 0x6881f6d8,
0x688206a0, 0x68820378, 0x6881fa00, 0x6881fd28,
0x6881ed60, 0x68b73998, 0x68b76f40, 0x68b752d8,
0x68b73cc0, 0x68b74638, 0x68b765c8, 0x68b73670,
0x68b74960, 0x68b73348, 0x68b74c88, 0x68b768f0,
0x68b74fb0, 0x68b75600, 0x68b75928, 0x6a594b90,
0x6a5938a0, 0x6a595e80, 0x6a593250, 0x6a5961a8,
0x6a594eb8, 0x6a594540, 0x6a595508, 0x6a594868,
0x6a592f28, 0x6a5964d0, 0x6a594218, 0x6a595830,
0x6a595b58, 0x6a596b20, 0x6a5967f8, 0x6a593578,
0x6a593bc8, 0x6a593ef0, 0x68b75c50, 0x6a5370e8,
0x6a537d88, 0x6a535480, 0x6a535158, 0x6a534b08,
0x6a536120, 0x6a537410, 0x6a5344b8, 0x6a535ad0,
0x6a537738, 0x6a536dc0, 0x6a537a60, 0x6a5347e0,
0x6a535df8, 0x6a5357a8, 0x6a534e30, 0x6a536448,
0x6a536770, 0x6a536a98, 0x6a87d360, 0x6a87d688,
0x6a87b0a8, 0x6a87ad80, 0x6a87ba20, 0x6a87d9b0,
0x6a87e328, 0x6a87c6c0, 0x6a87aa58, 0x6a87b6f8,
0x6a87dcd8, 0x6a87c9e8, 0x6a87cd10, 0x6a87d038,
0x6a87b3d0, 0x6a87e000, 0x6a87a730, 0x6a87c070,
0x6a87c398, 0x673e35d8, 0x673e0358, 0x673e2f88,
0x673e32b0, 0x673e0ff8, 0x673df9e0, 0x673e1c98,
0x673e09a8, 0x673e2938, 0x673dfd08, 0x673e0030,
0x673e0680, 0x673e2c60, 0x673e2610, 0x673e1fc0,
0x673e0cd0, 0x673e1320, 0x673e1648, 0x673e1970,
0x673e22e8, 0x67370398, 0x673706c0, 0x67371688,
0x673719b0, 0x67371360, 0x67371038, 0x673709e8,
0x67371cd8, 0x67370070, 0x6a123b40, 0x6a121560,
0x6a1234f0, 0x6a1208c0, 0x6a121888, 0x6a121bb0,
0x6a123818, 0x6a122850, 0x6a121238, 0x6a122ea0,
0x6a122200, 0x6a120270, 0x6a121ed8, 0x6aef16d8,
0x6aef1d28, 0x7426b210, 0x74267f90, 0x7426a248,
0x74268f58, 0x7426b538, 0x74268c30, 0x742682b8,
0x7426aee8, 0x74268908, 0x742685e0, 0x7426b860,
0x74267c68, 0x7426a570, 0x74269bf8, 0x742695a8,
0x742698d0, 0x7426a898, 0x7c0c7708, 0x7c0c7a30,
0x7c0c6d90, 0x7c0c4488, 0x7c0c4ad8, 0x7c0c7d58,
0x7c0c70b8, 0x7c0c6740, 0x7c0c4160, 0x7c0c8080,
0x7c0c6418, 0x7c0c47b0, 0x7c0c5450, 0x7c0c83a8,
0x7c0c86d0, 0x7c0c89f8, 0x7c0c4e00, 0x7c0c8d20,
0x7c0c5128, 0x7c0c5778, 0x7c0c9698, 0x7c0c5aa0,
0x7c0c9ce8, 0x7c0ca010, 0x7c0ca338, 0x7c0ca988,
0x7c0cacb0, 0x7c0cb300, 0x7c0cb628, 0x74269f20,
0x7c0c60f0, 0x7c0cafd8, 0x6a11ff48, 0x7c54d400,
0x7c5509a8, 0x7c54f390, 0x7c54d0d8, 0x7c550cd0,
0x7c54e0a0, 0x7c54d728, 0x7c54f6b8, 0x7c54da50,
0x7c54ed40, 0x7c54cdb0, 0x7c54e3c8, 0x7c550358,
0x7c551970
}

Java Threads: ( => current thread )
  0x03960f10 JavaThread "main" [_thread_blocked, id=8432, stack(0x018b0000,0x01900000)]
  0x65c1a508 JavaThread "Reference Handler" daemon [_thread_blocked, id=3032, stack(0x05a30000,0x05a80000)]
  0x65c1bcf0 JavaThread "Finalizer" daemon [_thread_blocked, id=27368, stack(0x05ac0000,0x05b10000)]
  0x65c40210 JavaThread "Signal Dispatcher" daemon [_thread_blocked, id=19152, stack(0x05b50000,0x05ba0000)]
  0x65c40bb8 JavaThread "Attach Listener" daemon [_thread_blocked, id=19116, stack(0x65f10000,0x65f60000)]
  0x65c41758 JavaThread "Service Thread" daemon [_thread_blocked, id=28320, stack(0x65fa0000,0x65ff0000)]
  0x65c42cb0 JavaThread "Monitor Deflation Thread" daemon [_thread_blocked, id=1236, stack(0x67040000,0x67090000)]
  0x65c4a890 JavaThread "C1 CompilerThread0" daemon [_thread_blocked, id=11944, stack(0x670d0000,0x67120000)]
  0x65c4b458 JavaThread "Sweeper thread" daemon [_thread_blocked, id=24212, stack(0x67160000,0x671b0000)]
  0x65cc4bd0 JavaThread "Common-Cleaner" daemon [_thread_blocked, id=18588, stack(0x671f0000,0x67240000)]
  0x65deb4c8 JavaThread "Notification Thread" daemon [_thread_blocked, id=26404, stack(0x67280000,0x672d0000)]
  0x68661ae0 JavaThread "Daemon health stats" [_thread_blocked, id=12856, stack(0x68f70000,0x68fc0000)]
  0x68700330 JavaThread "Incoming local TCP Connector on port 58791" [_thread_in_native, id=3780, stack(0x69340000,0x69390000)]
  0x6875d6f0 JavaThread "Daemon periodic checks" [_thread_blocked, id=13992, stack(0x69530000,0x69580000)]
  0x687db640 JavaThread "Daemon" [_thread_blocked, id=14180, stack(0x695c0000,0x69610000)]
  0x687d8fb0 JavaThread "Handler for socket connection from /127.0.0.1:58791 to /127.0.0.1:58792" [_thread_in_native, id=7276, stack(0x69690000,0x696e0000)]
  0x68814168 JavaThread "Cancel handler" [_thread_blocked, id=18112, stack(0x69720000,0x69770000)]
  0x6881f3b0 JavaThread "Daemon worker" [_thread_blocked, id=3680, stack(0x697b0000,0x69800000)]
  0x6881f088 JavaThread "Asynchronous log dispatcher for DefaultDaemonConnection: socket connection from /127.0.0.1:58791 to /127.0.0.1:58792" [_thread_blocked, id=19668, stack(0x69840000,0x69890000)]
  0x6881f6d8 JavaThread "Stdin handler" [_thread_blocked, id=18716, stack(0x698d0000,0x69920000)]
  0x688206a0 JavaThread "Daemon client event forwarder" [_thread_blocked, id=21044, stack(0x69960000,0x699b0000)]
  0x68820378 JavaThread "Cache worker for journal cache (C:\Users\piyus\.gradle\caches\journal-1)" [_thread_blocked, id=6024, stack(0x699f0000,0x69a40000)]
  0x6881fa00 JavaThread "File lock request listener" [_thread_in_native, id=20256, stack(0x69a80000,0x69ad0000)]
  0x6881fd28 JavaThread "Cache worker for file hash cache (C:\Users\piyus\.gradle\caches\8.11.1\fileHashes)" [_thread_blocked, id=4432, stack(0x69b10000,0x69b60000)]
  0x6881ed60 JavaThread "Cache worker for file content cache (C:\Users\piyus\.gradle\caches\8.11.1\fileContent)" [_thread_blocked, id=676, stack(0x69ba0000,0x69bf0000)]
  0x68b73998 JavaThread "Cache worker for file hash cache (C:\Users\piyus\yaply-translator\yaply-android\.gradle\8.11.1\fileHashes)" [_thread_blocked, id=19844, stack(0x69c30000,0x69c80000)]
  0x68b76f40 JavaThread "Cache worker for Build Output Cleanup Cache (C:\Users\piyus\yaply-translator\yaply-android\.gradle\buildOutputCleanup)" [_thread_blocked, id=3432, stack(0x69cc0000,0x69d10000)]
  0x68b752d8 JavaThread "File watcher server" daemon [_thread_in_native, id=12988, stack(0x69d50000,0x69da0000)]
  0x68b73cc0 JavaThread "File watcher consumer" daemon [_thread_blocked, id=7292, stack(0x69de0000,0x69e30000)]
  0x68b74638 JavaThread "Cache worker for checksums cache (C:\Users\piyus\yaply-translator\yaply-android\.gradle\8.11.1\checksums)" [_thread_blocked, id=11044, stack(0x69e70000,0x69ec0000)]
  0x68b765c8 JavaThread "Cache worker for cache directory md-rule (C:\Users\piyus\.gradle\caches\8.11.1\md-rule)" [_thread_blocked, id=27824, stack(0x69f00000,0x69f50000)]
  0x68b73670 JavaThread "Cache worker for cache directory md-supplier (C:\Users\piyus\.gradle\caches\8.11.1\md-supplier)" [_thread_blocked, id=12620, stack(0x69f90000,0x69fe0000)]
  0x68b74960 JavaThread "jar transforms" [_thread_blocked, id=21412, stack(0x6aff0000,0x6b040000)]
  0x68b73348 JavaThread "jar transforms Thread 2" [_thread_blocked, id=15328, stack(0x6b080000,0x6b0d0000)]
  0x68b74c88 JavaThread "jar transforms Thread 3" [_thread_blocked, id=10496, stack(0x6b110000,0x6b160000)]
  0x68b768f0 JavaThread "Problems report writer" [_thread_blocked, id=14916, stack(0x6b1a0000,0x6b1f0000)]
  0x68b74fb0 JavaThread "Unconstrained build operations" [_thread_blocked, id=19660, stack(0x6bd40000,0x6bd90000)]
  0x68b75600 JavaThread "Unconstrained build operations Thread 2" [_thread_blocked, id=25440, stack(0x6bdd0000,0x6be20000)]
  0x68b75928 JavaThread "Unconstrained build operations Thread 3" [_thread_blocked, id=17332, stack(0x6be60000,0x6beb0000)]
  0x6a594b90 JavaThread "Unconstrained build operations Thread 4" [_thread_blocked, id=23252, stack(0x6bef0000,0x6bf40000)]
  0x6a5938a0 JavaThread "Unconstrained build operations Thread 5" [_thread_blocked, id=2456, stack(0x6bf80000,0x6bfd0000)]
  0x6a595e80 JavaThread "Unconstrained build operations Thread 6" [_thread_blocked, id=16420, stack(0x6c010000,0x6c060000)]
  0x6a593250 JavaThread "Unconstrained build operations Thread 7" [_thread_blocked, id=26596, stack(0x6c0a0000,0x6c0f0000)]
  0x6a5961a8 JavaThread "Unconstrained build operations Thread 8" [_thread_blocked, id=10972, stack(0x6c130000,0x6c180000)]
  0x6a594eb8 JavaThread "Unconstrained build operations Thread 9" [_thread_blocked, id=19848, stack(0x6c1c0000,0x6c210000)]
  0x6a594540 JavaThread "Unconstrained build operations Thread 10" [_thread_blocked, id=21928, stack(0x6c250000,0x6c2a0000)]
  0x6a595508 JavaThread "Unconstrained build operations Thread 11" [_thread_blocked, id=21620, stack(0x6c2e0000,0x6c330000)]
  0x6a594868 JavaThread "Unconstrained build operations Thread 12" [_thread_blocked, id=20688, stack(0x6c370000,0x6c3c0000)]
  0x6a592f28 JavaThread "Unconstrained build operations Thread 13" [_thread_blocked, id=19048, stack(0x6c400000,0x6c450000)]
  0x6a5964d0 JavaThread "Unconstrained build operations Thread 14" [_thread_blocked, id=11980, stack(0x6c490000,0x6c4e0000)]
  0x6a594218 JavaThread "Unconstrained build operations Thread 15" [_thread_blocked, id=27472, stack(0x6c520000,0x6c570000)]
  0x6a595830 JavaThread "Unconstrained build operations Thread 16" [_thread_blocked, id=19800, stack(0x6c5b0000,0x6c600000)]
  0x6a595b58 JavaThread "Unconstrained build operations Thread 17" [_thread_blocked, id=27132, stack(0x6c640000,0x6c690000)]
  0x6a596b20 JavaThread "Unconstrained build operations Thread 18" [_thread_blocked, id=25656, stack(0x6c6d0000,0x6c720000)]
  0x6a5967f8 JavaThread "Unconstrained build operations Thread 19" [_thread_blocked, id=11100, stack(0x6c760000,0x6c7b0000)]
  0x6a593578 JavaThread "Unconstrained build operations Thread 20" [_thread_blocked, id=26564, stack(0x6c7f0000,0x6c840000)]
  0x6a593bc8 JavaThread "Unconstrained build operations Thread 21" [_thread_blocked, id=23088, stack(0x6caa0000,0x6caf0000)]
  0x6a593ef0 JavaThread "Unconstrained build operations Thread 22" [_thread_blocked, id=26524, stack(0x6cb30000,0x6cb80000)]
  0x68b75c50 JavaThread "Unconstrained build operations Thread 23" [_thread_blocked, id=13192, stack(0x6cbc0000,0x6cc10000)]
  0x6a5370e8 JavaThread "Unconstrained build operations Thread 24" [_thread_blocked, id=16856, stack(0x6cc50000,0x6cca0000)]
  0x6a537d88 JavaThread "Unconstrained build operations Thread 25" [_thread_blocked, id=17860, stack(0x6cce0000,0x6cd30000)]
  0x6a535480 JavaThread "Unconstrained build operations Thread 26" [_thread_blocked, id=18640, stack(0x6cd70000,0x6cdc0000)]
  0x6a535158 JavaThread "Unconstrained build operations Thread 27" [_thread_blocked, id=23960, stack(0x6ce00000,0x6ce50000)]
  0x6a534b08 JavaThread "Unconstrained build operations Thread 28" [_thread_blocked, id=18676, stack(0x6ce90000,0x6cee0000)]
  0x6a536120 JavaThread "Unconstrained build operations Thread 29" [_thread_blocked, id=9748, stack(0x6cf20000,0x6cf70000)]
  0x6a537410 JavaThread "Unconstrained build operations Thread 30" [_thread_blocked, id=10512, stack(0x6cfb0000,0x6d000000)]
  0x6a5344b8 JavaThread "Unconstrained build operations Thread 31" [_thread_blocked, id=22820, stack(0x6d040000,0x6d090000)]
  0x6a535ad0 JavaThread "Unconstrained build operations Thread 32" [_thread_blocked, id=16300, stack(0x6d0d0000,0x6d120000)]
  0x6a537738 JavaThread "Unconstrained build operations Thread 33" [_thread_blocked, id=27900, stack(0x6d160000,0x6d1b0000)]
  0x6a536dc0 JavaThread "Unconstrained build operations Thread 34" [_thread_blocked, id=21036, stack(0x6d1f0000,0x6d240000)]
  0x6a537a60 JavaThread "Unconstrained build operations Thread 35" [_thread_blocked, id=21728, stack(0x6d280000,0x6d2d0000)]
  0x6a5347e0 JavaThread "Unconstrained build operations Thread 36" [_thread_blocked, id=22216, stack(0x6d310000,0x6d360000)]
  0x6a535df8 JavaThread "Unconstrained build operations Thread 37" [_thread_blocked, id=26672, stack(0x6d3a0000,0x6d3f0000)]
  0x6a5357a8 JavaThread "Unconstrained build operations Thread 38" [_thread_blocked, id=18668, stack(0x6d430000,0x6d480000)]
  0x6a534e30 JavaThread "Unconstrained build operations Thread 39" [_thread_blocked, id=5672, stack(0x6d4c0000,0x6d510000)]
  0x6a536448 JavaThread "Unconstrained build operations Thread 40" [_thread_blocked, id=2388, stack(0x6d550000,0x6d5a0000)]
  0x6a536770 JavaThread "Unconstrained build operations Thread 41" [_thread_blocked, id=14472, stack(0x6d5e0000,0x6d630000)]
  0x6a536a98 JavaThread "Unconstrained build operations Thread 42" [_thread_blocked, id=20404, stack(0x6d670000,0x6d6c0000)]
  0x6a87d360 JavaThread "Unconstrained build operations Thread 43" [_thread_blocked, id=20392, stack(0x6d700000,0x6d750000)]
  0x6a87d688 JavaThread "Unconstrained build operations Thread 44" [_thread_blocked, id=7740, stack(0x6d7b0000,0x6d800000)]
  0x6a87b0a8 JavaThread "Unconstrained build operations Thread 45" [_thread_blocked, id=11640, stack(0x6d840000,0x6d890000)]
  0x6a87ad80 JavaThread "Unconstrained build operations Thread 46" [_thread_blocked, id=13248, stack(0x6d8d0000,0x6d920000)]
  0x6a87ba20 JavaThread "Unconstrained build operations Thread 47" [_thread_blocked, id=5748, stack(0x6d960000,0x6d9b0000)]
  0x6a87d9b0 JavaThread "Unconstrained build operations Thread 48" [_thread_blocked, id=24248, stack(0x6d9f0000,0x6da40000)]
  0x6a87e328 JavaThread "Unconstrained build operations Thread 49" [_thread_blocked, id=26956, stack(0x6dd80000,0x6ddd0000)]
  0x6a87c6c0 JavaThread "Unconstrained build operations Thread 50" [_thread_blocked, id=228, stack(0x6de10000,0x6de60000)]
  0x6a87aa58 JavaThread "Unconstrained build operations Thread 51" [_thread_blocked, id=24112, stack(0x016d0000,0x01720000)]
  0x6a87b6f8 JavaThread "Unconstrained build operations Thread 52" [_thread_blocked, id=6208, stack(0x01760000,0x017b0000)]
  0x6a87dcd8 JavaThread "Unconstrained build operations Thread 53" [_thread_blocked, id=16332, stack(0x017f0000,0x01840000)]
  0x6a87c9e8 JavaThread "Unconstrained build operations Thread 54" [_thread_blocked, id=14316, stack(0x6dea0000,0x6def0000)]
  0x6a87cd10 JavaThread "Unconstrained build operations Thread 55" [_thread_blocked, id=15616, stack(0x6df30000,0x6df80000)]
  0x6a87d038 JavaThread "Unconstrained build operations Thread 56" [_thread_blocked, id=28104, stack(0x6dfc0000,0x6e010000)]
  0x6a87b3d0 JavaThread "Unconstrained build operations Thread 57" [_thread_blocked, id=4348, stack(0x6e050000,0x6e0a0000)]
  0x6a87e000 JavaThread "Unconstrained build operations Thread 58" [_thread_blocked, id=11276, stack(0x6e0e0000,0x6e130000)]
  0x6a87a730 JavaThread "Unconstrained build operations Thread 59" [_thread_blocked, id=4980, stack(0x6e170000,0x6e1c0000)]
  0x6a87c070 JavaThread "Unconstrained build operations Thread 60" [_thread_blocked, id=3320, stack(0x6e200000,0x6e250000)]
  0x6a87c398 JavaThread "Unconstrained build operations Thread 61" [_thread_blocked, id=14768, stack(0x6e290000,0x6e2e0000)]
  0x673e35d8 JavaThread "Unconstrained build operations Thread 62" [_thread_blocked, id=26580, stack(0x6e320000,0x6e370000)]
  0x673e0358 JavaThread "Unconstrained build operations Thread 63" [_thread_blocked, id=24196, stack(0x6e3b0000,0x6e400000)]
  0x673e2f88 JavaThread "Unconstrained build operations Thread 64" [_thread_blocked, id=19140, stack(0x6e440000,0x6e490000)]
  0x673e32b0 JavaThread "Unconstrained build operations Thread 65" [_thread_blocked, id=23708, stack(0x6e4d0000,0x6e520000)]
  0x673e0ff8 JavaThread "Unconstrained build operations Thread 66" [_thread_blocked, id=22192, stack(0x6e560000,0x6e5b0000)]
  0x673df9e0 JavaThread "Unconstrained build operations Thread 67" [_thread_blocked, id=12472, stack(0x6e5f0000,0x6e640000)]
  0x673e1c98 JavaThread "Unconstrained build operations Thread 68" [_thread_blocked, id=24920, stack(0x6e680000,0x6e6d0000)]
  0x673e09a8 JavaThread "Unconstrained build operations Thread 69" [_thread_blocked, id=23120, stack(0x6e710000,0x6e760000)]
  0x673e2938 JavaThread "Unconstrained build operations Thread 70" [_thread_blocked, id=27752, stack(0x6e7a0000,0x6e7f0000)]
  0x673dfd08 JavaThread "Unconstrained build operations Thread 71" [_thread_blocked, id=8564, stack(0x6e8b0000,0x6e900000)]
  0x673e0030 JavaThread "Unconstrained build operations Thread 72" [_thread_blocked, id=6232, stack(0x6eaa0000,0x6eaf0000)]
  0x673e0680 JavaThread "Unconstrained build operations Thread 73" [_thread_blocked, id=21144, stack(0x6eb30000,0x6eb80000)]
  0x673e2c60 JavaThread "Unconstrained build operations Thread 74" [_thread_blocked, id=18968, stack(0x6ebc0000,0x6ec10000)]
  0x673e2610 JavaThread "Unconstrained build operations Thread 75" [_thread_blocked, id=8448, stack(0x6ec50000,0x6eca0000)]
  0x673e1fc0 JavaThread "Unconstrained build operations Thread 76" [_thread_blocked, id=13980, stack(0x6ece0000,0x6ed30000)]
  0x673e0cd0 JavaThread "Unconstrained build operations Thread 77" [_thread_blocked, id=15684, stack(0x6ed70000,0x6edc0000)]
  0x673e1320 JavaThread "Unconstrained build operations Thread 78" [_thread_blocked, id=21560, stack(0x6ee00000,0x6ee50000)]
  0x673e1648 JavaThread "Unconstrained build operations Thread 79" [_thread_blocked, id=20804, stack(0x6ee90000,0x6eee0000)]
  0x673e1970 JavaThread "Unconstrained build operations Thread 80" [_thread_blocked, id=23916, stack(0x6ef20000,0x6ef70000)]
  0x673e22e8 JavaThread "Unconstrained build operations Thread 81" [_thread_blocked, id=24480, stack(0x6efb0000,0x6f000000)]
  0x67370398 JavaThread "Unconstrained build operations Thread 82" [_thread_blocked, id=10552, stack(0x6f040000,0x6f090000)]
  0x673706c0 JavaThread "Unconstrained build operations Thread 83" [_thread_blocked, id=25432, stack(0x6f0d0000,0x6f120000)]
  0x67371688 JavaThread "Unconstrained build operations Thread 84" [_thread_blocked, id=21580, stack(0x6f160000,0x6f1b0000)]
  0x673719b0 JavaThread "Unconstrained build operations Thread 85" [_thread_blocked, id=27200, stack(0x6f1f0000,0x6f240000)]
  0x67371360 JavaThread "Unconstrained build operations Thread 86" [_thread_blocked, id=22140, stack(0x6f280000,0x6f2d0000)]
  0x67371038 JavaThread "Unconstrained build operations Thread 87" [_thread_blocked, id=15820, stack(0x6f310000,0x6f360000)]
  0x673709e8 JavaThread "Unconstrained build operations Thread 88" [_thread_blocked, id=15336, stack(0x6f3a0000,0x6f3f0000)]
  0x67371cd8 JavaThread "Unconstrained build operations Thread 89" [_thread_blocked, id=25296, stack(0x6f640000,0x6f690000)]
  0x67370070 JavaThread "Unconstrained build operations Thread 90" [_thread_blocked, id=21492, stack(0x6f6d0000,0x6f720000)]
  0x6a123b40 JavaThread "Unconstrained build operations Thread 91" [_thread_blocked, id=10388, stack(0x6f760000,0x6f7b0000)]
  0x6a121560 JavaThread "Unconstrained build operations Thread 92" [_thread_blocked, id=10484, stack(0x6f7f0000,0x6f840000)]
  0x6a1234f0 JavaThread "Unconstrained build operations Thread 93" [_thread_blocked, id=21832, stack(0x6f880000,0x6f8d0000)]
  0x6a1208c0 JavaThread "Unconstrained build operations Thread 94" [_thread_blocked, id=14984, stack(0x6f910000,0x6f960000)]
  0x6a121888 JavaThread "Unconstrained build operations Thread 95" [_thread_blocked, id=12292, stack(0x6f9a0000,0x6f9f0000)]
  0x6a121bb0 JavaThread "Unconstrained build operations Thread 96" [_thread_blocked, id=9516, stack(0x6fa90000,0x6fae0000)]
  0x6a123818 JavaThread "Unconstrained build operations Thread 97" [_thread_blocked, id=5160, stack(0x6fb20000,0x6fb70000)]
  0x6a122850 JavaThread "Unconstrained build operations Thread 98" [_thread_blocked, id=26380, stack(0x6fbf0000,0x6fc40000)]
  0x6a121238 JavaThread "Unconstrained build operations Thread 99" [_thread_blocked, id=16276, stack(0x6fc80000,0x6fcd0000)]
  0x6a122ea0 JavaThread "Unconstrained build operations Thread 100" [_thread_blocked, id=17856, stack(0x6fdb0000,0x6fe00000)]
  0x6a122200 JavaThread "Unconstrained build operations Thread 101" [_thread_blocked, id=20492, stack(0x6fe00000,0x6fe50000)]
  0x6a120270 JavaThread "jar transforms Thread 4" [_thread_blocked, id=21724, stack(0x6fe90000,0x6fee0000)]
  0x6a121ed8 JavaThread "jar transforms Thread 5" [_thread_blocked, id=24820, stack(0x6ff20000,0x6ff70000)]
  0x6aef16d8 JavaThread "Memory manager" [_thread_blocked, id=10968, stack(0x6ffb0000,0x70000000)]
  0x6aef1d28 JavaThread "jar transforms Thread 6" [_thread_blocked, id=16308, stack(0x70040000,0x70090000)]
  0x7426b210 JavaThread "pool-4-thread-1" [_thread_blocked, id=7736, stack(0x6c910000,0x6c960000)]
  0x74267f90 JavaThread "build event listener" [_thread_blocked, id=18816, stack(0x700d0000,0x70120000)]
  0x7426a248 JavaThread "included builds" [_thread_blocked, id=13148, stack(0x70160000,0x701b0000)]
=>0x74268f58 JavaThread "Execution worker" [_thread_in_vm, id=25448, stack(0x701f0000,0x70240000)]
  0x7426b538 JavaThread "Execution worker Thread 2" [_thread_blocked, id=5296, stack(0x70280000,0x702d0000)]
  0x74268c30 JavaThread "Execution worker Thread 3" [_thread_blocked, id=18412, stack(0x70310000,0x70360000)]
  0x742682b8 JavaThread "Execution worker Thread 4" [_thread_blocked, id=25852, stack(0x703a0000,0x703f0000)]
  0x7426aee8 JavaThread "Execution worker Thread 5" [_thread_blocked, id=7308, stack(0x70430000,0x70480000)]
  0x74268908 JavaThread "Execution worker Thread 6" [_thread_blocked, id=18472, stack(0x704c0000,0x70510000)]
  0x742685e0 JavaThread "Execution worker Thread 7" [_thread_blocked, id=25976, stack(0x70550000,0x705a0000)]
  0x7426b860 JavaThread "Execution worker Thread 8" [_thread_blocked, id=19764, stack(0x705e0000,0x70630000)]
  0x74267c68 JavaThread "Execution worker Thread 9" [_thread_blocked, id=20440, stack(0x70670000,0x706c0000)]
  0x7426a570 JavaThread "Execution worker Thread 10" [_thread_blocked, id=6956, stack(0x70700000,0x70750000)]
  0x74269bf8 JavaThread "Execution worker Thread 11" [_thread_blocked, id=26288, stack(0x70790000,0x707e0000)]
  0x742695a8 JavaThread "Cache worker for execution history cache (C:\Users\piyus\yaply-translator\yaply-android\.gradle\8.11.1\executionHistory)" [_thread_blocked, id=24864, stack(0x70820000,0x70870000)]
  0x742698d0 JavaThread "WorkerExecutor Queue" [_thread_blocked, id=20940, stack(0x708b0000,0x70900000)]
  0x7426a898 JavaThread "WorkerExecutor Queue Thread 2" [_thread_blocked, id=10756, stack(0x70940000,0x70990000)]
  0x7c0c7708 JavaThread "Unconstrained build operations Thread 102" [_thread_blocked, id=22420, stack(0x709d0000,0x70a20000)]
  0x7c0c7a30 JavaThread "Unconstrained build operations Thread 103" [_thread_blocked, id=27260, stack(0x70ab0000,0x70b00000)]
  0x7c0c6d90 JavaThread "Unconstrained build operations Thread 104" [_thread_blocked, id=9068, stack(0x70b40000,0x70b90000)]
  0x7c0c4488 JavaThread "Unconstrained build operations Thread 105" [_thread_blocked, id=28652, stack(0x70bd0000,0x70c20000)]
  0x7c0c4ad8 JavaThread "Unconstrained build operations Thread 106" [_thread_blocked, id=28164, stack(0x70e80000,0x70ed0000)]
  0x7c0c7d58 JavaThread "Unconstrained build operations Thread 107" [_thread_blocked, id=14044, stack(0x70f10000,0x70f60000)]
  0x7c0c70b8 JavaThread "Unconstrained build operations Thread 108" [_thread_blocked, id=15044, stack(0x70fa0000,0x70ff0000)]
  0x7c0c6740 JavaThread "Unconstrained build operations Thread 109" [_thread_blocked, id=16136, stack(0x6c880000,0x6c8d0000)]
  0x7c0c4160 JavaThread "Unconstrained build operations Thread 110" [_thread_blocked, id=9304, stack(0x71030000,0x71080000)]
  0x7c0c8080 JavaThread "Unconstrained build operations Thread 111" [_thread_blocked, id=17148, stack(0x710c0000,0x71110000)]
  0x7c0c6418 JavaThread "Unconstrained build operations Thread 112" [_thread_blocked, id=12904, stack(0x71150000,0x711a0000)]
  0x7c0c47b0 JavaThread "Unconstrained build operations Thread 113" [_thread_blocked, id=24592, stack(0x711e0000,0x71230000)]
  0x7c0c5450 JavaThread "Unconstrained build operations Thread 114" [_thread_blocked, id=14416, stack(0x71270000,0x712c0000)]
  0x7c0c83a8 JavaThread "Unconstrained build operations Thread 115" [_thread_blocked, id=9140, stack(0x71300000,0x71350000)]
  0x7c0c86d0 JavaThread "Unconstrained build operations Thread 116" [_thread_blocked, id=27332, stack(0x71390000,0x713e0000)]
  0x7c0c89f8 JavaThread "Unconstrained build operations Thread 117" [_thread_blocked, id=1864, stack(0x71420000,0x71470000)]
  0x7c0c4e00 JavaThread "Unconstrained build operations Thread 118" [_thread_blocked, id=16484, stack(0x714b0000,0x71500000)]
  0x7c0c8d20 JavaThread "Unconstrained build operations Thread 119" [_thread_blocked, id=8296, stack(0x71540000,0x71590000)]
  0x7c0c5128 JavaThread "Unconstrained build operations Thread 120" [_thread_blocked, id=19860, stack(0x715d0000,0x71620000)]
  0x7c0c5778 JavaThread "WorkerExecutor Queue Thread 3" [_thread_blocked, id=24784, stack(0x71780000,0x717d0000)]
  0x7c0c9698 JavaThread "WorkerExecutor Queue Thread 4" [_thread_blocked, id=23624, stack(0x71810000,0x71860000)]
  0x7c0c5aa0 JavaThread "WorkerExecutor Queue Thread 5" [_thread_blocked, id=27480, stack(0x718a0000,0x718f0000)]
  0x7c0c9ce8 JavaThread "WorkerExecutor Queue Thread 6" [_thread_blocked, id=22052, stack(0x71930000,0x71980000)]
  0x7c0ca010 JavaThread "WorkerExecutor Queue Thread 7" [_thread_blocked, id=17504, stack(0x719f0000,0x71a40000)]
  0x7c0ca338 JavaThread "WorkerExecutor Queue Thread 8" [_thread_blocked, id=5424, stack(0x71a80000,0x71ad0000)]
  0x7c0ca988 JavaThread "WorkerExecutor Queue Thread 9" [_thread_blocked, id=20460, stack(0x71b10000,0x71b60000)]
  0x7c0cacb0 JavaThread "WorkerExecutor Queue Thread 10" [_thread_blocked, id=25312, stack(0x71ba0000,0x71bf0000)]
  0x7c0cb300 JavaThread "WorkerExecutor Queue Thread 11" [_thread_blocked, id=916, stack(0x71c30000,0x71c80000)]
  0x7c0cb628 JavaThread "WorkerExecutor Queue Thread 12" [_thread_in_vm, id=23340, stack(0x71cc0000,0x71d10000)]
  0x74269f20 JavaThread "pool-5-thread-1" [_thread_blocked, id=20220, stack(0x71d50000,0x71da0000)]
  0x7c0c60f0 JavaThread "stderr" [_thread_in_native, id=19504, stack(0x71f70000,0x71fc0000)]
  0x7c0cafd8 JavaThread "stdout" [_thread_in_native, id=19748, stack(0x72000000,0x72050000)]
  0x6a11ff48 JavaThread "stderr" [_thread_in_native, id=19940, stack(0x72090000,0x720e0000)]
  0x7c54d400 JavaThread "stdout" [_thread_in_native, id=19904, stack(0x72120000,0x72170000)]
  0x7c5509a8 JavaThread "stderr" [_thread_in_native, id=18348, stack(0x721b0000,0x72200000)]
  0x7c54f390 JavaThread "stdout" [_thread_in_native, id=19460, stack(0x72240000,0x72290000)]
  0x7c54d0d8 JavaThread "stderr" [_thread_in_native, id=18992, stack(0x729e0000,0x72a30000)]
  0x7c550cd0 JavaThread "stdout" [_thread_in_native, id=20820, stack(0x72a70000,0x72ac0000)]
  0x7c54e0a0 JavaThread "stderr" [_thread_in_native, id=17972, stack(0x72b00000,0x72b50000)]
  0x7c54d728 JavaThread "stdout" [_thread_in_native, id=27120, stack(0x72b90000,0x72be0000)]
  0x7c54f6b8 JavaThread "stderr" [_thread_in_native, id=14132, stack(0x72c20000,0x72c70000)]
  0x7c54da50 JavaThread "stdout" [_thread_in_native, id=27436, stack(0x72cb0000,0x72d00000)]
  0x7c54ed40 JavaThread "stderr" [_thread_in_native, id=18904, stack(0x72d40000,0x72d90000)]
  0x7c54cdb0 JavaThread "stdout" [_thread_in_native, id=11440, stack(0x72dd0000,0x72e20000)]
  0x7c54e3c8 JavaThread "stderr" [_thread_in_native, id=14580, stack(0x72e60000,0x72eb0000)]
  0x7c550358 JavaThread "stdout" [_thread_in_native, id=24912, stack(0x72ef0000,0x72f40000)]
  0x7c551970 JavaThread "WorkerExecutor Queue Thread 13" [_thread_blocked, id=27920, stack(0x72f80000,0x72fd0000)]

Other Threads:
  0x65c127d0 VMThread "VM Thread" [stack: 0x03880000,0x038d0000] [id=26952]
  0x65deb9d8 WatcherThread [stack: 0x67310000,0x67360000] [id=15056]

Threads with active compile tasks:

VM state: not at safepoint (normal execution)

VM Mutex/Monitor currently owned by a thread:  ([mutex/lock_event])
[0x0144f470] Metaspace_lock - owner thread: 0x74268f58

GC Precious Log:
 CPUs: 12 total, 12 available
 Memory: 16044M
 Large Page Support: Disabled
 NUMA Support: Disabled
 Compressed Oops: Disabled
 Heap Min Capacity: 6M
 Heap Initial Capacity: 16M
 Heap Max Capacity: 1536M
 Pre-touch: Disabled

Heap:
 def new generation   total 106048K, used 28539K [0x05c00000, 0x0cf10000, 0x25c00000)
  eden space 94272K,  18% used [0x05c00000, 0x06d700c0, 0x0b810000)
  from space 11776K,  90% used [0x0c390000, 0x0cdfee48, 0x0cf10000)
  to   space 11776K,   0% used [0x0b810000, 0x0b810000, 0x0c390000)
 tenured generation   total 233992K, used 140393K [0x25c00000, 0x34082000, 0x65c00000)
   the space 233992K,  59% used [0x25c00000, 0x2e51a500, 0x2e51a600, 0x34082000)
 Metaspace       used 81072K, committed 81472K, reserved 81920K

Card table byte_map: [0x03320000,0x03630000] _byte_map_base: 0x032f2000

Polling page: 0x01900000

Metaspace:

Usage:
   79.17 MB used.

Virtual space:
     80.00 MB reserved,      79.56 MB (>99%) committed,  5 nodes.

Chunk freelists:
0 bytes

MaxMetaspaceSize: unlimited
No class space
Initial GC threshold: 16.00 MB
Current GC threshold: 126.06 MB
CDS: off
MetaspaceReclaimPolicy: balanced
 - commit_granule_bytes: 65536.
 - commit_granule_words: 16384.
 - virtual_space_node_default_size: 4194304.
 - enlarge_chunks_in_place: 1.
 - new_chunks_are_fully_committed: 0.
 - uncommit_free_chunks: 1.
 - use_allocation_guard: 0.
 - handle_deallocations: 1.


Internal statistics:

num_allocs_failed_limit: 9.
num_arena_births: 701.
num_arena_deaths: 179.
num_vsnodes_births: 5.
num_vsnodes_deaths: 0.
num_space_committed: 1273.
num_space_uncommitted: 0.
num_chunks_returned_to_freelist: 201.
num_chunks_taken_from_freelist: 3469.
num_chunk_merges: 68.
num_chunk_splits: 2490.
num_chunks_enlarged: 2003.
num_inconsistent_stats: 0.

CodeCache: size=32768Kb used=23954Kb max_used=23954Kb free=8813Kb
 bounds [0x03a30000, 0x051a8000, 0x05a30000]
 total_blobs=18432 nmethods=17909 adapters=454
 compilation: enabled
              stopped_count=0, restarted_count=0
 full_count=0

Compilation events (20 events):
Event: 320.648 Thread 0x65c4a890 18402             com.google.common.io.ByteSource$ByteArrayByteSource::openStream (20 bytes)
Event: 320.648 Thread 0x65c4a890 nmethod 18402 0x0519cf08 code [0x0519d020, 0x0519d14c]
Event: 320.648 Thread 0x65c4a890 18403   !         com.android.tools.build.apkzlib.bytestorage.SwitchableDelegateCloseableByteSource$1::close (36 bytes)
Event: 320.648 Thread 0x65c4a890 nmethod 18403 0x0519d1c8 code [0x0519d300, 0x0519d588]
Event: 320.648 Thread 0x65c4a890 18404  s          com.android.tools.build.apkzlib.bytestorage.SwitchableDelegateInputStream::close (13 bytes)
Event: 320.648 Thread 0x65c4a890 nmethod 18404 0x0519d708 code [0x0519d830, 0x0519d98c]
Event: 320.648 Thread 0x65c4a890 18406             com.android.tools.build.apkzlib.zip.CentralDirectoryHeader::getExtraField (5 bytes)
Event: 320.648 Thread 0x65c4a890 nmethod 18406 0x0519da08 code [0x0519db10, 0x0519dbc0]
Event: 320.661 Thread 0x65c4a890 18407             com.google.protobuf.CodedInputStream$StreamDecoder::readRawVarint32 (215 bytes)
Event: 320.661 Thread 0x65c4a890 nmethod 18407 0x0519dc08 code [0x0519dd50, 0x0519e09c]
Event: 320.661 Thread 0x65c4a890 18408             com.google.protobuf.CodedInputStream$StreamDecoder::readTag (41 bytes)
Event: 320.661 Thread 0x65c4a890 nmethod 18408 0x0519e208 code [0x0519e340, 0x0519e4d4]
Event: 320.661 Thread 0x65c4a890 18409             com.google.protobuf.CodedInputStream$StreamDecoder::isAtEnd (25 bytes)
Event: 320.662 Thread 0x65c4a890 nmethod 18409 0x0519e588 code [0x0519e6a0, 0x0519e78c]
Event: 320.662 Thread 0x65c4a890 18410             com.google.protobuf.CodedInputStream$StreamDecoder::recomputeBufferSizeAfterLimit (63 bytes)
Event: 320.662 Thread 0x65c4a890 nmethod 18410 0x0519e808 code [0x0519e920, 0x0519ea30]
Event: 320.662 Thread 0x65c4a890 18411             com.google.protobuf.CodedInputStream$StreamDecoder::getBytesUntilLimit (28 bytes)
Event: 320.662 Thread 0x65c4a890 nmethod 18411 0x0519ea88 code [0x0519eba0, 0x0519ecb0]
Event: 320.662 Thread 0x65c4a890 18412             com.google.protobuf.IntArrayList::addInt (68 bytes)
Event: 320.662 Thread 0x65c4a890 nmethod 18412 0x0519ed08 code [0x0519ee40, 0x0519f128]

GC Heap History (20 events):
Event: 310.448 GC heap before
{Heap before GC invocations=212 (full 6):
 def new generation   total 75520K, used 70834K [0x05c00000, 0x0adf0000, 0x25c00000)
  eden space 67136K, 100% used [0x05c00000, 0x09d90000, 0x09d90000)
  from space 8384K,  44% used [0x09d90000, 0x0a12ca50, 0x0a5c0000)
  to   space 8384K,   0% used [0x0a5c0000, 0x0a5c0000, 0x0adf0000)
 tenured generation   total 166780K, used 143482K [0x25c00000, 0x2fedf000, 0x65c00000)
   the space 166780K,  86% used [0x25c00000, 0x2e81ea60, 0x2e81ec00, 0x2fedf000)
 Metaspace       used 73124K, committed 73600K, reserved 81920K
}
Event: 310.457 GC heap after
{Heap after GC invocations=213 (full 6):
 def new generation   total 75520K, used 3781K [0x05c00000, 0x0adf0000, 0x25c00000)
  eden space 67136K,   0% used [0x05c00000, 0x05c00000, 0x09d90000)
  from space 8384K,  45% used [0x0a5c0000, 0x0a9714c8, 0x0adf0000)
  to   space 8384K,   0% used [0x09d90000, 0x09d90000, 0x0a5c0000)
 tenured generation   total 166780K, used 143482K [0x25c00000, 0x2fedf000, 0x65c00000)
   the space 166780K,  86% used [0x25c00000, 0x2e81ea60, 0x2e81ec00, 0x2fedf000)
 Metaspace       used 73124K, committed 73600K, reserved 81920K
}
Event: 311.253 GC heap before
{Heap before GC invocations=213 (full 6):
 def new generation   total 75520K, used 70917K [0x05c00000, 0x0adf0000, 0x25c00000)
  eden space 67136K, 100% used [0x05c00000, 0x09d90000, 0x09d90000)
  from space 8384K,  45% used [0x0a5c0000, 0x0a9714c8, 0x0adf0000)
  to   space 8384K,   0% used [0x09d90000, 0x09d90000, 0x0a5c0000)
 tenured generation   total 166780K, used 143482K [0x25c00000, 0x2fedf000, 0x65c00000)
   the space 166780K,  86% used [0x25c00000, 0x2e81ea60, 0x2e81ec00, 0x2fedf000)
 Metaspace       used 73870K, committed 74368K, reserved 81920K
}
Event: 311.268 GC heap after
{Heap after GC invocations=214 (full 6):
 def new generation   total 75520K, used 6139K [0x05c00000, 0x0adf0000, 0x25c00000)
  eden space 67136K,   0% used [0x05c00000, 0x05c00000, 0x09d90000)
  from space 8384K,  73% used [0x09d90000, 0x0a38ef28, 0x0a5c0000)
  to   space 8384K,   0% used [0x0a5c0000, 0x0a5c0000, 0x0adf0000)
 tenured generation   total 166780K, used 143482K [0x25c00000, 0x2fedf000, 0x65c00000)
   the space 166780K,  86% used [0x25c00000, 0x2e81ea60, 0x2e81ec00, 0x2fedf000)
 Metaspace       used 73870K, committed 74368K, reserved 81920K
}
Event: 313.725 GC heap before
{Heap before GC invocations=214 (full 6):
 def new generation   total 75520K, used 73249K [0x05c00000, 0x0adf0000, 0x25c00000)
  eden space 67136K,  99% used [0x05c00000, 0x09d898a8, 0x09d90000)
  from space 8384K,  73% used [0x09d90000, 0x0a38ef28, 0x0a5c0000)
  to   space 8384K,   0% used [0x0a5c0000, 0x0a5c0000, 0x0adf0000)
 tenured generation   total 166780K, used 143482K [0x25c00000, 0x2fedf000, 0x65c00000)
   the space 166780K,  86% used [0x25c00000, 0x2e81ea60, 0x2e81ec00, 0x2fedf000)
 Metaspace       used 74344K, committed 74752K, reserved 81920K
}
Event: 313.755 GC heap after
{Heap after GC invocations=215 (full 6):
 def new generation   total 75520K, used 8384K [0x05c00000, 0x0adf0000, 0x25c00000)
  eden space 67136K,   0% used [0x05c00000, 0x05c00000, 0x09d90000)
  from space 8384K, 100% used [0x0a5c0000, 0x0adf0000, 0x0adf0000)
  to   space 8384K,   0% used [0x09d90000, 0x09d90000, 0x0a5c0000)
 tenured generation   total 166780K, used 150732K [0x25c00000, 0x2fedf000, 0x65c00000)
   the space 166780K,  90% used [0x25c00000, 0x2ef33078, 0x2ef33200, 0x2fedf000)
 Metaspace       used 74344K, committed 74752K, reserved 81920K
}
Event: 316.496 GC heap before
{Heap before GC invocations=215 (full 6):
 def new generation   total 75520K, used 75520K [0x05c00000, 0x0adf0000, 0x25c00000)
  eden space 67136K, 100% used [0x05c00000, 0x09d90000, 0x09d90000)
  from space 8384K, 100% used [0x0a5c0000, 0x0adf0000, 0x0adf0000)
  to   space 8384K,   0% used [0x09d90000, 0x09d90000, 0x0a5c0000)
 tenured generation   total 166780K, used 150732K [0x25c00000, 0x2fedf000, 0x65c00000)
   the space 166780K,  90% used [0x25c00000, 0x2ef33078, 0x2ef33200, 0x2fedf000)
 Metaspace       used 76540K, committed 76992K, reserved 81920K
}
Event: 316.516 GC heap after
{Heap after GC invocations=216 (full 6):
 def new generation   total 75520K, used 1115K [0x05c00000, 0x0adf0000, 0x25c00000)
  eden space 67136K,   0% used [0x05c00000, 0x05c00000, 0x09d90000)
  from space 8384K,  13% used [0x09d90000, 0x09ea6f68, 0x0a5c0000)
  to   space 8384K,   0% used [0x0a5c0000, 0x0a5c0000, 0x0adf0000)
 tenured generation   total 166780K, used 154660K [0x25c00000, 0x2fedf000, 0x65c00000)
   the space 166780K,  92% used [0x25c00000, 0x2f3090b8, 0x2f309200, 0x2fedf000)
 Metaspace       used 76540K, committed 76992K, reserved 81920K
}
Event: 316.983 GC heap before
{Heap before GC invocations=216 (full 6):
 def new generation   total 75520K, used 68251K [0x05c00000, 0x0adf0000, 0x25c00000)
  eden space 67136K, 100% used [0x05c00000, 0x09d90000, 0x09d90000)
  from space 8384K,  13% used [0x09d90000, 0x09ea6f68, 0x0a5c0000)
  to   space 8384K,   0% used [0x0a5c0000, 0x0a5c0000, 0x0adf0000)
 tenured generation   total 166780K, used 154660K [0x25c00000, 0x2fedf000, 0x65c00000)
   the space 166780K,  92% used [0x25c00000, 0x2f3090b8, 0x2f309200, 0x2fedf000)
 Metaspace       used 76601K, committed 77056K, reserved 81920K
}
Event: 316.997 GC heap after
{Heap after GC invocations=217 (full 6):
 def new generation   total 75520K, used 3883K [0x05c00000, 0x0adf0000, 0x25c00000)
  eden space 67136K,   0% used [0x05c00000, 0x05c00000, 0x09d90000)
  from space 8384K,  46% used [0x0a5c0000, 0x0a98afd8, 0x0adf0000)
  to   space 8384K,   0% used [0x09d90000, 0x09d90000, 0x0a5c0000)
 tenured generation   total 166780K, used 154660K [0x25c00000, 0x2fedf000, 0x65c00000)
   the space 166780K,  92% used [0x25c00000, 0x2f3090b8, 0x2f309200, 0x2fedf000)
 Metaspace       used 76601K, committed 77056K, reserved 81920K
}
Event: 317.215 GC heap before
{Heap before GC invocations=217 (full 6):
 def new generation   total 75520K, used 71019K [0x05c00000, 0x0adf0000, 0x25c00000)
  eden space 67136K, 100% used [0x05c00000, 0x09d90000, 0x09d90000)
  from space 8384K,  46% used [0x0a5c0000, 0x0a98afd8, 0x0adf0000)
  to   space 8384K,   0% used [0x09d90000, 0x09d90000, 0x0a5c0000)
 tenured generation   total 166780K, used 154660K [0x25c00000, 0x2fedf000, 0x65c00000)
   the space 166780K,  92% used [0x25c00000, 0x2f3090b8, 0x2f309200, 0x2fedf000)
 Metaspace       used 76601K, committed 77056K, reserved 81920K
}
Event: 317.230 GC heap after
{Heap after GC invocations=218 (full 6):
 def new generation   total 75520K, used 4932K [0x05c00000, 0x0adf0000, 0x25c00000)
  eden space 67136K,   0% used [0x05c00000, 0x05c00000, 0x09d90000)
  from space 8384K,  58% used [0x09d90000, 0x0a2612e8, 0x0a5c0000)
  to   space 8384K,   0% used [0x0a5c0000, 0x0a5c0000, 0x0adf0000)
 tenured generation   total 166780K, used 154660K [0x25c00000, 0x2fedf000, 0x65c00000)
   the space 166780K,  92% used [0x25c00000, 0x2f3090b8, 0x2f309200, 0x2fedf000)
 Metaspace       used 76601K, committed 77056K, reserved 81920K
}
Event: 317.710 GC heap before
{Heap before GC invocations=218 (full 6):
 def new generation   total 75520K, used 51447K [0x05c00000, 0x0adf0000, 0x25c00000)
  eden space 67136K,  69% used [0x05c00000, 0x0896cbd8, 0x09d90000)
  from space 8384K,  58% used [0x09d90000, 0x0a2612e8, 0x0a5c0000)
  to   space 8384K,   0% used [0x0a5c0000, 0x0a5c0000, 0x0adf0000)
 tenured generation   total 166780K, used 154660K [0x25c00000, 0x2fedf000, 0x65c00000)
   the space 166780K,  92% used [0x25c00000, 0x2f3090b8, 0x2f309200, 0x2fedf000)
 Metaspace       used 77010K, committed 77440K, reserved 81920K
}
Event: 318.047 GC heap after
{Heap after GC invocations=219 (full 7):
 def new generation   total 106048K, used 0K [0x05c00000, 0x0cf10000, 0x25c00000)
  eden space 94272K,   0% used [0x05c00000, 0x05c00000, 0x0b810000)
  from space 11776K,   0% used [0x0b810000, 0x0b810000, 0x0c390000)
  to   space 11776K,   0% used [0x0c390000, 0x0c390000, 0x0cf10000)
 tenured generation   total 233992K, used 140393K [0x25c00000, 0x34082000, 0x65c00000)
   the space 233992K,  59% used [0x25c00000, 0x2e51a500, 0x2e51a600, 0x34082000)
 Metaspace       used 76829K, committed 77440K, reserved 81920K
}
Event: 319.468 GC heap before
{Heap before GC invocations=219 (full 7):
 def new generation   total 106048K, used 94271K [0x05c00000, 0x0cf10000, 0x25c00000)
  eden space 94272K,  99% used [0x05c00000, 0x0b80fff8, 0x0b810000)
  from space 11776K,   0% used [0x0b810000, 0x0b810000, 0x0c390000)
  to   space 11776K,   0% used [0x0c390000, 0x0c390000, 0x0cf10000)
 tenured generation   total 233992K, used 140393K [0x25c00000, 0x34082000, 0x65c00000)
   the space 233992K,  59% used [0x25c00000, 0x2e51a500, 0x2e51a600, 0x34082000)
 Metaspace       used 79520K, committed 79936K, reserved 81920K
}
Event: 319.483 GC heap after
{Heap after GC invocations=220 (full 7):
 def new generation   total 106048K, used 3427K [0x05c00000, 0x0cf10000, 0x25c00000)
  eden space 94272K,   0% used [0x05c00000, 0x05c00000, 0x0b810000)
  from space 11776K,  29% used [0x0c390000, 0x0c6e8ef0, 0x0cf10000)
  to   space 11776K,   0% used [0x0b810000, 0x0b810000, 0x0c390000)
 tenured generation   total 233992K, used 140393K [0x25c00000, 0x34082000, 0x65c00000)
   the space 233992K,  59% used [0x25c00000, 0x2e51a500, 0x2e51a600, 0x34082000)
 Metaspace       used 79520K, committed 79936K, reserved 81920K
}
Event: 319.974 GC heap before
{Heap before GC invocations=220 (full 7):
 def new generation   total 106048K, used 97699K [0x05c00000, 0x0cf10000, 0x25c00000)
  eden space 94272K, 100% used [0x05c00000, 0x0b810000, 0x0b810000)
  from space 11776K,  29% used [0x0c390000, 0x0c6e8ef0, 0x0cf10000)
  to   space 11776K,   0% used [0x0b810000, 0x0b810000, 0x0c390000)
 tenured generation   total 233992K, used 140393K [0x25c00000, 0x34082000, 0x65c00000)
   the space 233992K,  59% used [0x25c00000, 0x2e51a500, 0x2e51a600, 0x34082000)
 Metaspace       used 79529K, committed 79936K, reserved 81920K
}
Event: 319.985 GC heap after
{Heap after GC invocations=221 (full 7):
 def new generation   total 106048K, used 3505K [0x05c00000, 0x0cf10000, 0x25c00000)
  eden space 94272K,   0% used [0x05c00000, 0x05c00000, 0x0b810000)
  from space 11776K,  29% used [0x0b810000, 0x0bb7c628, 0x0c390000)
  to   space 11776K,   0% used [0x0c390000, 0x0c390000, 0x0cf10000)
 tenured generation   total 233992K, used 140393K [0x25c00000, 0x34082000, 0x65c00000)
   the space 233992K,  59% used [0x25c00000, 0x2e51a500, 0x2e51a600, 0x34082000)
 Metaspace       used 79529K, committed 79936K, reserved 81920K
}
Event: 320.572 GC heap before
{Heap before GC invocations=221 (full 7):
 def new generation   total 106048K, used 97777K [0x05c00000, 0x0cf10000, 0x25c00000)
  eden space 94272K, 100% used [0x05c00000, 0x0b810000, 0x0b810000)
  from space 11776K,  29% used [0x0b810000, 0x0bb7c628, 0x0c390000)
  to   space 11776K,   0% used [0x0c390000, 0x0c390000, 0x0cf10000)
 tenured generation   total 233992K, used 140393K [0x25c00000, 0x34082000, 0x65c00000)
   the space 233992K,  59% used [0x25c00000, 0x2e51a500, 0x2e51a600, 0x34082000)
 Metaspace       used 80801K, committed 81152K, reserved 81920K
}
Event: 320.600 GC heap after
{Heap after GC invocations=222 (full 7):
 def new generation   total 106048K, used 10683K [0x05c00000, 0x0cf10000, 0x25c00000)
  eden space 94272K,   0% used [0x05c00000, 0x05c00000, 0x0b810000)
  from space 11776K,  90% used [0x0c390000, 0x0cdfee48, 0x0cf10000)
  to   space 11776K,   0% used [0x0b810000, 0x0b810000, 0x0c390000)
 tenured generation   total 233992K, used 140393K [0x25c00000, 0x34082000, 0x65c00000)
   the space 233992K,  59% used [0x25c00000, 0x2e51a500, 0x2e51a600, 0x34082000)
 Metaspace       used 80801K, committed 81152K, reserved 81920K
}

Dll operation events (14 events):
Event: 0.018 Loaded shared library C:\Users\piyus\.bubblewrap\jdk\jdk-17.0.11+9\bin\java.dll
Event: 0.159 Loaded shared library C:\Users\piyus\.bubblewrap\jdk\jdk-17.0.11+9\bin\zip.dll
Event: 0.162 Loaded shared library C:\Users\piyus\.bubblewrap\jdk\jdk-17.0.11+9\bin\instrument.dll
Event: 0.173 Loaded shared library C:\Users\piyus\.bubblewrap\jdk\jdk-17.0.11+9\bin\net.dll
Event: 0.174 Loaded shared library C:\Users\piyus\.bubblewrap\jdk\jdk-17.0.11+9\bin\nio.dll
Event: 0.180 Loaded shared library C:\Users\piyus\.bubblewrap\jdk\jdk-17.0.11+9\bin\zip.dll
Event: 0.414 Loaded shared library C:\Users\piyus\.bubblewrap\jdk\jdk-17.0.11+9\bin\jimage.dll
Event: 0.514 Loaded shared library C:\Users\piyus\.bubblewrap\jdk\jdk-17.0.11+9\bin\verify.dll
Event: 0.634 Loaded shared library C:\Users\piyus\.gradle\native\c067742578af261105cb4f569cf0c3c89f3d7b1fecec35dd04571415982c5e48\windows-i386\native-platform.dll
Event: 0.696 Loaded shared library C:\Users\piyus\.gradle\native\100fb08df4bc3b14c8652ba06237920a3bd2aa13389f12d3474272988ae205f9\windows-i386\native-platform-file-events.dll
Event: 1.889 Loaded shared library C:\Users\piyus\.bubblewrap\jdk\jdk-17.0.11+9\bin\management.dll
Event: 1.891 Loaded shared library C:\Users\piyus\.bubblewrap\jdk\jdk-17.0.11+9\bin\management_ext.dll
Event: 2.108 Loaded shared library C:\Users\piyus\.bubblewrap\jdk\jdk-17.0.11+9\bin\extnet.dll
Event: 2.381 Loaded shared library C:\Users\piyus\.bubblewrap\jdk\jdk-17.0.11+9\bin\sunmscapi.dll

Deoptimization events (20 events):
Event: 107.588 Thread 0x6a122200 DEOPT PACKING pc=0x0472bc58 sp=0x6fe4d350
Event: 107.588 Thread 0x6a122ea0 DEOPT PACKING pc=0x0472bc58 sp=0x6fdfd430
Event: 107.588 Thread 0x6a121238 DEOPT PACKING pc=0x0472bc58 sp=0x6fccd360
Event: 107.588 Thread 0x6a122200 DEOPT UNPACKING pc=0x03a75587 sp=0x6fe4d220 mode 0
Event: 107.588 Thread 0x6a122ea0 DEOPT UNPACKING pc=0x03a75587 sp=0x6fdfd300 mode 0
Event: 107.588 Thread 0x6a121238 DEOPT UNPACKING pc=0x03a75587 sp=0x6fccd230 mode 0
Event: 107.590 Thread 0x6a121bb0 DEOPT PACKING pc=0x0472bc58 sp=0x6fadd510
Event: 107.590 Thread 0x6a121bb0 DEOPT UNPACKING pc=0x03a75587 sp=0x6fadd3e0 mode 0
Event: 107.677 Thread 0x6a122200 DEOPT PACKING pc=0x040adc6c sp=0x6fe4cfe0
Event: 107.677 Thread 0x6a122200 DEOPT UNPACKING pc=0x03a75587 sp=0x6fe4cf68 mode 0
Event: 107.677 Thread 0x6a1208c0 DEOPT PACKING pc=0x040adc6c sp=0x6f95cf80
Event: 107.677 Thread 0x6a1208c0 DEOPT UNPACKING pc=0x03a75587 sp=0x6f95cf08 mode 0
Event: 107.678 Thread 0x6a1234f0 DEOPT PACKING pc=0x040adc6c sp=0x6f8ccd40
Event: 107.678 Thread 0x6a1234f0 DEOPT UNPACKING pc=0x03a75587 sp=0x6f8cccc8 mode 0
Event: 111.841 Thread 0x6881f3b0 DEOPT PACKING pc=0x04463fb0 sp=0x697fc5e0
Event: 111.842 Thread 0x6881f3b0 DEOPT UNPACKING pc=0x03a75587 sp=0x697fc47c mode 0
Event: 301.524 Thread 0x7426b860 DEOPT PACKING pc=0x04778864 sp=0x7062e090
Event: 301.524 Thread 0x7426b860 DEOPT UNPACKING pc=0x03a75587 sp=0x7062df40 mode 0
Event: 302.527 Thread 0x6a536dc0 DEOPT PACKING pc=0x03ef04c8 sp=0x6d23ddf0
Event: 302.527 Thread 0x6a536dc0 DEOPT UNPACKING pc=0x03a75587 sp=0x6d23dcbc mode 0

Classes unloaded (20 events):
Event: 317.840 Thread 0x65c127d0 Unloading class 0x7a6c4980 '_BuildScript_$_run_closure2'
Event: 317.840 Thread 0x65c127d0 Unloading class 0x7a6c3948 '_BuildScript_$_run_closure1$_closure8'
Event: 317.840 Thread 0x65c127d0 Unloading class 0x7a6c2fe8 '_BuildScript_$_run_closure1$_closure7'
Event: 317.840 Thread 0x65c127d0 Unloading class 0x7a6c2630 '_BuildScript_$_run_closure1$_closure6$_closure10'
Event: 317.840 Thread 0x65c127d0 Unloading class 0x7a6c1cc8 '_BuildScript_$_run_closure1$_closure6'
Event: 317.840 Thread 0x65c127d0 Unloading class 0x7a6c1358 '_BuildScript_$_run_closure1$_closure5$_closure9'
Event: 317.840 Thread 0x65c127d0 Unloading class 0x7a6c0888 '_BuildScript_$_run_closure1$_closure5'
Event: 317.840 Thread 0x65c127d0 Unloading class 0x7a6bd6a8 '_BuildScript_$_run_closure1'
Event: 317.840 Thread 0x65c127d0 Unloading class 0x7a6bca28 '_BuildScript_'
Event: 317.840 Thread 0x65c127d0 Unloading class 0x7a3a0ab0 'java/lang/invoke/LambdaForm$MH+0x7a3a0ab0'
Event: 317.840 Thread 0x65c127d0 Unloading class 0x7a3a0308 'java/lang/invoke/LambdaForm$MH+0x7a3a0308'
Event: 317.840 Thread 0x65c127d0 Unloading class 0x79f19c18 'jdk/internal/reflect/GeneratedMethodAccessor11'
Event: 317.840 Thread 0x65c127d0 Unloading class 0x79ef9b00 'java/lang/invoke/LambdaForm$MH+0x79ef9b00'
Event: 317.840 Thread 0x65c127d0 Unloading class 0x79ef92e0 'java/lang/invoke/LambdaForm$MH+0x79ef92e0'
Event: 317.840 Thread 0x65c127d0 Unloading class 0x79d624f0 'org/gradle/plugin/use/internal/PluginsAwareScript$plugins'
Event: 317.840 Thread 0x65c127d0 Unloading class 0x79d08000 '_BuildScript_$_run_closure1'
Event: 317.840 Thread 0x65c127d0 Unloading class 0x79cf85f0 '_BuildScript_'
Event: 317.840 Thread 0x65c127d0 Unloading class 0x79cc8c18 'jdk/internal/reflect/GeneratedMethodAccessor8'
Event: 317.840 Thread 0x65c127d0 Unloading class 0x79373c18 'jdk/internal/reflect/GeneratedMethodAccessor6'
Event: 317.840 Thread 0x65c127d0 Unloading class 0x79aa0c18 'jdk/internal/reflect/GeneratedMethodAccessor4'

Classes redefined (0 events):
No events

Internal exceptions (20 events):
Event: 320.163 Thread 0x74268f58 Exception <a 'sun/nio/fs/WindowsException'{0x075b4148}> (0x075b4148) 
thrown [s\src\hotspot\share\prims\jni.cpp, line 516]
Event: 320.167 Thread 0x74268f58 Exception <a 'sun/nio/fs/WindowsException'{0x0760bb20}> (0x0760bb20) 
thrown [s\src\hotspot\share\prims\jni.cpp, line 516]
Event: 320.167 Thread 0x74268f58 Exception <a 'sun/nio/fs/WindowsException'{0x0760c638}> (0x0760c638) 
thrown [s\src\hotspot\share\prims\jni.cpp, line 516]
Event: 320.167 Thread 0x74268f58 Exception <a 'sun/nio/fs/WindowsException'{0x0760c6b8}> (0x0760c6b8) 
thrown [s\src\hotspot\share\prims\jni.cpp, line 516]
Event: 320.167 Thread 0x74268f58 Exception <a 'sun/nio/fs/WindowsException'{0x07610a00}> (0x07610a00) 
thrown [s\src\hotspot\share\prims\jni.cpp, line 516]
Event: 320.204 Thread 0x74268f58 Exception <a 'sun/nio/fs/WindowsException'{0x07bdb058}> (0x07bdb058) 
thrown [s\src\hotspot\share\prims\jni.cpp, line 516]
Event: 320.232 Thread 0x74268f58 Exception <a 'sun/nio/fs/WindowsException'{0x07f34150}> (0x07f34150) 
thrown [s\src\hotspot\share\prims\jni.cpp, line 516]
Event: 320.232 Thread 0x74268f58 Exception <a 'sun/nio/fs/WindowsException'{0x07f34db0}> (0x07f34db0) 
thrown [s\src\hotspot\share\prims\jni.cpp, line 516]
Event: 320.232 Thread 0x74268f58 Exception <a 'sun/nio/fs/WindowsException'{0x07f34e30}> (0x07f34e30) 
thrown [s\src\hotspot\share\prims\jni.cpp, line 516]
Event: 320.232 Thread 0x74268f58 Exception <a 'sun/nio/fs/WindowsException'{0x07f5bd98}> (0x07f5bd98) 
thrown [s\src\hotspot\share\prims\jni.cpp, line 516]
Event: 320.560 Thread 0x74268f58 Exception <a 'sun/nio/fs/WindowsException'{0x0b3da4e0}> (0x0b3da4e0) 
thrown [s\src\hotspot\share\prims\jni.cpp, line 516]
Event: 320.561 Thread 0x74268f58 Exception <a 'sun/nio/fs/WindowsException'{0x0b3efd28}> (0x0b3efd28) 
thrown [s\src\hotspot\share\prims\jni.cpp, line 516]
Event: 320.566 Thread 0x74268f58 Exception <a 'sun/nio/fs/WindowsException'{0x0b6017c0}> (0x0b6017c0) 
thrown [s\src\hotspot\share\prims\jni.cpp, line 516]
Event: 320.566 Thread 0x74268f58 Exception <a 'sun/nio/fs/WindowsException'{0x0b6154c8}> (0x0b6154c8) 
thrown [s\src\hotspot\share\prims\jni.cpp, line 516]
Event: 320.566 Thread 0x74268f58 Exception <a 'sun/nio/fs/WindowsException'{0x0b615548}> (0x0b615548) 
thrown [s\src\hotspot\share\prims\jni.cpp, line 516]
Event: 320.566 Thread 0x74268f58 Exception <a 'sun/nio/fs/WindowsException'{0x0b6159b0}> (0x0b6159b0) 
thrown [s\src\hotspot\share\prims\jni.cpp, line 516]
Event: 320.566 Thread 0x74268f58 Exception <a 'sun/nio/fs/WindowsException'{0x0b61efb0}> (0x0b61efb0) 
thrown [s\src\hotspot\share\prims\jni.cpp, line 516]
Event: 320.566 Thread 0x74268f58 Exception <a 'sun/nio/fs/WindowsException'{0x0b623c08}> (0x0b623c08) 
thrown [s\src\hotspot\share\prims\jni.cpp, line 516]
Event: 320.566 Thread 0x74268f58 Exception <a 'sun/nio/fs/WindowsException'{0x0b623c88}> (0x0b623c88) 
thrown [s\src\hotspot\share\prims\jni.cpp, line 516]
Event: 320.567 Thread 0x74268f58 Exception <a 'sun/nio/fs/WindowsException'{0x0b624018}> (0x0b624018) 
thrown [s\src\hotspot\share\prims\jni.cpp, line 516]

VM Operations (20 events):
Event: 317.710 Executing VM operation: CollectForMetadataAllocation
Event: 318.048 Executing VM operation: CollectForMetadataAllocation done
Event: 318.055 Executing VM operation: HandshakeAllThreads
Event: 318.069 Executing VM operation: HandshakeAllThreads done
Event: 318.490 Executing VM operation: HandshakeAllThreads
Event: 318.490 Executing VM operation: HandshakeAllThreads done
Event: 318.528 Executing VM operation: HandshakeAllThreads
Event: 318.528 Executing VM operation: HandshakeAllThreads done
Event: 319.468 Executing VM operation: GenCollectForAllocation
Event: 319.483 Executing VM operation: GenCollectForAllocation done
Event: 319.974 Executing VM operation: GenCollectForAllocation
Event: 319.985 Executing VM operation: GenCollectForAllocation done
Event: 320.538 Executing VM operation: HandshakeAllThreads
Event: 320.538 Executing VM operation: HandshakeAllThreads done
Event: 320.540 Executing VM operation: HandshakeAllThreads
Event: 320.540 Executing VM operation: HandshakeAllThreads done
Event: 320.572 Executing VM operation: GenCollectForAllocation
Event: 320.600 Executing VM operation: GenCollectForAllocation done
Event: 320.605 Executing VM operation: HandshakeAllThreads
Event: 320.605 Executing VM operation: HandshakeAllThreads done

Events (20 events):
Event: 320.107 loading class sun/nio/cs/US_ASCII$Decoder
Event: 320.108 loading class sun/nio/cs/US_ASCII$Decoder done
Event: 320.196 loading class java/util/AbstractList$RandomAccessSubList
Event: 320.197 loading class java/util/AbstractList$SubList
Event: 320.197 loading class java/util/AbstractList$SubList done
Event: 320.197 loading class java/util/AbstractList$RandomAccessSubList done
Event: 320.498 loading class java/util/stream/ReferencePipeline$15
Event: 320.498 loading class java/util/stream/ReferencePipeline$15 done
Event: 320.498 loading class java/util/stream/ReferencePipeline$15$1
Event: 320.498 loading class java/util/stream/ReferencePipeline$15$1 done
Event: 320.545 loading class sun/nio/cs/US_ASCII$Encoder
Event: 320.545 loading class sun/nio/cs/US_ASCII$Encoder done
Event: 320.555 loading class java/util/TreeMap$AscendingSubMap
Event: 320.555 loading class java/util/TreeMap$AscendingSubMap done
Event: 320.556 loading class java/util/TreeMap$NavigableSubMap$SubMapKeyIterator
Event: 320.556 loading class java/util/TreeMap$NavigableSubMap$SubMapKeyIterator done
Event: 320.623 loading class java/security/spec/ECPublicKeySpec
Event: 320.624 loading class java/security/spec/ECPublicKeySpec done
Event: 320.648 loading class com/sun/crypto/provider/HmacCore$HmacSHA256
Event: 320.648 loading class com/sun/crypto/provider/HmacCore$HmacSHA256 done


Dynamic libraries:
0x004c0000 - 0x004cc000 	C:\Users\piyus\.bubblewrap\jdk\jdk-17.0.11+9\bin\java.exe
0x77870000 - 0x77a2f000 	C:\Windows\SYSTEM32\ntdll.dll
0x76230000 - 0x76320000 	C:\Windows\System32\KERNEL32.DLL
0x77490000 - 0x77762000 	C:\Windows\System32\KERNELBASE.dll
0x6dcc0000 - 0x6dd6e000 	C:\Windows\SYSTEM32\apphelp.dll
0x75890000 - 0x759a0000 	C:\Windows\System32\ucrtbase.dll
0x6ba40000 - 0x6ba54000 	C:\Users\piyus\.bubblewrap\jdk\jdk-17.0.11+9\bin\VCRUNTIME140.dll
0x6bc90000 - 0x6bca5000 	C:\Users\piyus\.bubblewrap\jdk\jdk-17.0.11+9\bin\jli.dll
0x756b0000 - 0x75885000 	C:\Windows\System32\USER32.dll
0x75bd0000 - 0x75bec000 	C:\Windows\System32\win32u.dll
0x6da90000 - 0x6dcb9000 	C:\Windows\WinSxS\x86_microsoft.windows.common-controls_6595b64144ccf1df_6.0.26100.8521_none_85b5ee33f7b02cb9\COMCTL32.dll
0x77830000 - 0x77852000 	C:\Windows\System32\GDI32.dll
0x76b30000 - 0x76bf7000 	C:\Windows\System32\msvcrt.dll
0x76c00000 - 0x76ceb000 	C:\Windows\System32\gdi32full.dll
0x76000000 - 0x76085000 	C:\Windows\System32\msvcp_win.dll
0x77800000 - 0x77825000 	C:\Windows\System32\IMM32.DLL
0x6b9d0000 - 0x6ba3d000 	C:\Users\piyus\.bubblewrap\jdk\jdk-17.0.11+9\bin\msvcp140.dll
0x6b490000 - 0x6b9c4000 	C:\Users\piyus\.bubblewrap\jdk\jdk-17.0.11+9\bin\client\jvm.dll
0x773f0000 - 0x77472000 	C:\Windows\System32\ADVAPI32.dll
0x759b0000 - 0x75a36000 	C:\Windows\System32\sechost.dll
0x75d70000 - 0x75e2c000 	C:\Windows\System32\RPCRT4.dll
0x6d760000 - 0x6d768000 	C:\Windows\SYSTEM32\WSOCK32.dll
0x70d90000 - 0x70de5000 	C:\Windows\SYSTEM32\POWRPROF.dll
0x6fa50000 - 0x6fa83000 	C:\Windows\SYSTEM32\WINMM.dll
0x75ab0000 - 0x75b19000 	C:\Windows\System32\WS2_32.dll
0x75270000 - 0x75278000 	C:\Windows\SYSTEM32\VERSION.dll
0x70e60000 - 0x70e6e000 	C:\Windows\SYSTEM32\UMPDC.dll
0x75280000 - 0x75295000 	C:\Windows\SYSTEM32\kernel.appcore.dll
0x6bc80000 - 0x6bc89000 	C:\Users\piyus\.bubblewrap\jdk\jdk-17.0.11+9\bin\jimage.dll
0x6ba60000 - 0x6bc40000 	C:\Windows\SYSTEM32\DBGHELP.DLL
0x75410000 - 0x756a3000 	C:\Windows\System32\combase.dll
0x75b20000 - 0x75bbf000 	C:\Windows\System32\OLEAUT32.dll
0x6b450000 - 0x6b480000 	C:\Windows\SYSTEM32\dbgcore.DLL
0x75390000 - 0x75407000 	C:\Windows\System32\bcryptPrimitives.dll
0x6b340000 - 0x6b34d000 	C:\Users\piyus\.bubblewrap\jdk\jdk-17.0.11+9\bin\instrument.dll
0x6b420000 - 0x6b441000 	C:\Users\piyus\.bubblewrap\jdk\jdk-17.0.11+9\bin\java.dll
0x764d0000 - 0x76b24000 	C:\Windows\System32\SHELL32.dll
0x722e0000 - 0x729d8000 	C:\Windows\SYSTEM32\windows.storage.dll
0x76090000 - 0x76161000 	C:\Windows\System32\SHCORE.dll
0x75bf0000 - 0x75c42000 	C:\Windows\System32\shlwapi.dll
0x71990000 - 0x719ad000 	C:\Windows\SYSTEM32\profapi.dll
0x6b3c0000 - 0x6b3d6000 	C:\Users\piyus\.bubblewrap\jdk\jdk-17.0.11+9\bin\zip.dll
0x6b400000 - 0x6b414000 	C:\Users\piyus\.bubblewrap\jdk\jdk-17.0.11+9\bin\net.dll
0x6e9b0000 - 0x6ea96000 	C:\Windows\SYSTEM32\WINHTTP.dll
0x6fd50000 - 0x6fda4000 	C:\Windows\system32\mswsock.dll
0x6b3e0000 - 0x6b3f2000 	C:\Users\piyus\.bubblewrap\jdk\jdk-17.0.11+9\bin\nio.dll
0x6b390000 - 0x6b39d000 	C:\Users\piyus\.bubblewrap\jdk\jdk-17.0.11+9\bin\verify.dll
0x6b350000 - 0x6b370000 	C:\Users\piyus\.gradle\native\c067742578af261105cb4f569cf0c3c89f3d7b1fecec35dd04571415982c5e48\windows-i386\native-platform.dll
0x6b250000 - 0x6b340000 	C:\Users\piyus\.gradle\native\100fb08df4bc3b14c8652ba06237920a3bd2aa13389f12d3474272988ae205f9\windows-i386\native-platform-file-events.dll
0x6b380000 - 0x6b388000 	C:\Users\piyus\.bubblewrap\jdk\jdk-17.0.11+9\bin\management.dll
0x6b370000 - 0x6b379000 	C:\Users\piyus\.bubblewrap\jdk\jdk-17.0.11+9\bin\management_ext.dll
0x771c0000 - 0x771c6000 	C:\Windows\System32\PSAPI.DLL
0x734e0000 - 0x734f4000 	C:\Windows\SYSTEM32\CRYPTSP.dll
0x734a0000 - 0x734d2000 	C:\Windows\system32\rsaenh.dll
0x6fbb0000 - 0x6fbd8000 	C:\Windows\SYSTEM32\USERENV.dll
0x74950000 - 0x7496c000 	C:\Windows\SYSTEM32\bcrypt.dll
0x73490000 - 0x7349a000 	C:\Windows\SYSTEM32\CRYPTBASE.dll
0x70d60000 - 0x70d86000 	C:\Windows\SYSTEM32\IPHLPAPI.DLL
0x77480000 - 0x77487000 	C:\Windows\System32\NSI.dll
0x70c30000 - 0x70c47000 	C:\Windows\SYSTEM32\dhcpcsvc6.DLL
0x70a50000 - 0x70a6b000 	C:\Windows\SYSTEM32\dhcpcsvc.DLL
0x70c50000 - 0x70d50000 	C:\Windows\SYSTEM32\DNSAPI.dll
0x70e50000 - 0x70e5a000 	C:\Windows\SYSTEM32\DSPARSE.dll
0x6b3a0000 - 0x6b3a6000 	C:\Users\piyus\.bubblewrap\jdk\jdk-17.0.11+9\bin\extnet.dll
0x6b3b0000 - 0x6b3bb000 	C:\Users\piyus\.bubblewrap\jdk\jdk-17.0.11+9\bin\sunmscapi.dll
0x76330000 - 0x76439000 	C:\Windows\System32\CRYPT32.dll
0x6e880000 - 0x6e8a8000 	C:\Windows\SYSTEM32\ncrypt.dll
0x6e850000 - 0x6e878000 	C:\Windows\SYSTEM32\NTASN1.dll
0x6b240000 - 0x6b247000 	C:\Windows\system32\wshunix.dll
0x6fbe0000 - 0x6fbe8000 	C:\Windows\System32\rasadhlp.dll
0x6e940000 - 0x6e9a2000 	C:\Windows\System32\fwpuclnt.dll
0x01ce0000 - 0x01d09000 	C:\Windows\SYSTEM32\ntmarta.dll

dbghelp: loaded successfully - version: 4.0.5 - missing functions: none
symbol engine: initialized successfully - sym options: 0x614 - pdb path: .;C:\Users\piyus\.bubblewrap\jdk\jdk-17.0.11+9\bin;C:\Windows\SYSTEM32;C:\Windows\WinSxS\x86_microsoft.windows.common-controls_6595b64144ccf1df_6.0.26100.8521_none_85b5ee33f7b02cb9;C:\Users\piyus\.bubblewrap\jdk\jdk-17.0.11+9\bin\client;C:\Users\piyus\.gradle\native\c067742578af261105cb4f569cf0c3c89f3d7b1fecec35dd04571415982c5e48\windows-i386;C:\Users\piyus\.gradle\native\100fb08df4bc3b14c8652ba06237920a3bd2aa13389f12d3474272988ae205f9\windows-i386

VM Arguments:
jvm_args: --add-opens=java.base/java.lang=ALL-UNNAMED --add-opens=java.base/java.lang.invoke=ALL-UNNAMED --add-opens=java.base/java.util=ALL-UNNAMED --add-opens=java.prefs/java.util.prefs=ALL-UNNAMED --add-exports=jdk.compiler/com.sun.tools.javac.api=ALL-UNNAMED --add-exports=jdk.compiler/com.sun.tools.javac.util=ALL-UNNAMED --add-opens=java.base/java.util=ALL-UNNAMED --add-opens=java.prefs/java.util.prefs=ALL-UNNAMED --add-opens=java.base/java.nio.charset=ALL-UNNAMED --add-opens=java.base/java.net=ALL-UNNAMED --add-opens=java.base/java.util.concurrent.atomic=ALL-UNNAMED --add-opens=java.xml/javax.xml.namespace=ALL-UNNAMED -Xmx1536m -Dfile.encoding=windows-1252 -Duser.country=IN -Duser.language=en -Duser.variant -javaagent:C:\Users\piyus\.gradle\wrapper\dists\gradle-8.11.1-bin\bpt9gzteqjrbo1mjrsomdt32c\gradle-8.11.1\lib\agents\gradle-instrumentation-agent-8.11.1.jar 
java_command: org.gradle.launcher.daemon.bootstrap.GradleDaemon 8.11.1
java_class_path (initial): C:\Users\piyus\.gradle\wrapper\dists\gradle-8.11.1-bin\bpt9gzteqjrbo1mjrsomdt32c\gradle-8.11.1\lib\gradle-daemon-main-8.11.1.jar
Launcher Type: SUN_STANDARD

[Global flags]
     intx CICompilerCount                          = 1                                         {product} {ergonomic}
    uintx CodeCacheExpansionSize                   = 32768                                  {pd product} {ergonomic}
    uintx InitialCodeCacheSize                     = 163840                                 {pd product} {ergonomic}
   size_t InitialHeapSize                          = 16777216                                  {product} {ergonomic}
   size_t MaxHeapSize                              = 1610612736                                {product} {command line}
   size_t MaxNewSize                               = 536870912                                 {product} {ergonomic}
   size_t MinHeapDeltaBytes                        = 131072                                    {product} {ergonomic}
   size_t MinHeapSize                              = 6291456                                   {product} {ergonomic}
     bool NeverActAsServerClassMachine             = true                                   {pd product} {ergonomic}
   size_t NewSize                                  = 5570560                                   {product} {ergonomic}
    uintx NonNMethodCodeHeapSize                   = 5242880                                {pd product} {ergonomic}
    uintx NonProfiledCodeHeapSize                  = 0                                      {pd product} {ergonomic}
   size_t OldSize                                  = 11206656                                  {product} {ergonomic}
     bool ProfileInterpreter                       = false                                  {pd product} {ergonomic}
    uintx ProfiledCodeHeapSize                     = 0                                      {pd product} {ergonomic}
    uintx ReservedCodeCacheSize                    = 33554432                               {pd product} {ergonomic}
   size_t SoftMaxHeapSize                          = 1610612736                             {manageable} {ergonomic}
     bool UseLargePagesIndividualAllocation        = false                                  {pd product} {ergonomic}
     bool UseSerialGC                              = true                                      {product} {ergonomic}

Logging:
Log output configuration:
 #0: stdout all=warning uptime,level,tags
 #1: stderr all=off uptime,level,tags

Environment Variables:
JAVA_HOME=C:\Users\piyus\.bubblewrap\jdk\jdk-17.0.11+9\
CLASSPATH=C:\Users\piyus\yaply-translator\yaply-android\\gradle\wrapper\gradle-wrapper.jar
PATH=C:\Users\piyus\.bubblewrap\jdk\jdk-17.0.11+9\bin\;c:\Users\piyus\AppData\Roaming\Code\User\globalStorage\github.copilot-chat\debugCommand;c:\Users\piyus\AppData\Roaming\Code\User\globalStorage\github.copilot-chat\copilotCli;C:\Windows\system32;C:\Windows;C:\Windows\System32\Wbem;C:\Windows\System32\WindowsPowerShell\v1.0\;C:\Windows\System32\OpenSSH\;C:\Program Files\nodejs\;C:\flutter\bin;C:\Program Files\Git\cmd;C:\Users\piyus\AppData\Local\Programs\Microsoft VS Code;C:\Windows\system32;C:\Windows;C:\Windows\System32\Wbem;C:\Windows\System32\WindowsPowerShell\v1.0\;C:\Windows\System32\OpenSSH\;C:\Program Files\nodejs\;C:\flutter\bin;C:\Users\piyus\AppData\Local\Microsoft\WindowsApps;C:\Users\piyus\AppData\Local\Programs\Microsoft VS Code\bin;C:\Users\piyus\AppData\Local\Python\bin;C:\Users\piyus\AppData\Roaming\npm;C:\flutter\bin;C:\flutter\bin;c:\Users\piyus\.vscode\extensions\ms-python.debugpy-2026.6.0-win32-x64\bundled\scripts\noConfigScripts
USERNAME=piyus
LANG=en_US.UTF-8
OS=Windows_NT
PROCESSOR_IDENTIFIER=Intel64 Family 6 Model 186 Stepping 2, GenuineIntel
TMP=C:\Users\piyus\AppData\Local\Temp
TEMP=C:\Users\piyus\AppData\Local\Temp



Periodic native trim disabled


---------------  S Y S T E M  ---------------

OS:
 Windows 11 , 64 bit Build 26100 (10.0.26100.8521)
OS uptime: 1 days 23:08 hours
Hyper-V role detected

CPU: total 12 (initial active 12) (6 cores per cpu, 2 threads per core) family 6 model 186 stepping 2 microcode 0x4128, cx8, cmov, fxsr, ht, mmx, 3dnowpref, sse, sse2, sse3, ssse3, sse4.1, sse4.2, popcnt, lzcnt, tsc, tscinvbit, avx, avx2, aes, erms, clmul, bmi1, bmi2, adx, sha, fma, vzeroupper, clflush, clflushopt, clwb, hv
Processor Information for processor 0
  Max Mhz: 2100, Current Mhz: 1453, Mhz Limit: 2100
Processor Information for processor 1
  Max Mhz: 2100, Current Mhz: 2100, Mhz Limit: 2100
Processor Information for processor 2
  Max Mhz: 2100, Current Mhz: 1453, Mhz Limit: 2100
Processor Information for processor 3
  Max Mhz: 2100, Current Mhz: 2100, Mhz Limit: 2100
Processor Information for processor 4
  Max Mhz: 2100, Current Mhz: 1453, Mhz Limit: 2100
Processor Information for processor 5
  Max Mhz: 2100, Current Mhz: 2100, Mhz Limit: 2100
Processor Information for processor 6
  Max Mhz: 2100, Current Mhz: 1453, Mhz Limit: 2100
Processor Information for processor 7
  Max Mhz: 2100, Current Mhz: 2100, Mhz Limit: 2100
Processor Information for processor 8
  Max Mhz: 2100, Current Mhz: 1540, Mhz Limit: 2100
Processor Information for processor 9
  Max Mhz: 2100, Current Mhz: 1540, Mhz Limit: 2100
Processor Information for processor 10
  Max Mhz: 2100, Current Mhz: 1540, Mhz Limit: 2100
Processor Information for processor 11
  Max Mhz: 2100, Current Mhz: 1540, Mhz Limit: 2100

Memory: 4k page, system-wide physical 16044M (2003M free)
TotalPageFile size 21164M (AvailPageFile size 2156M), user-mode portion of virtual address-space 2047M (89M free)
current process WorkingSet (physical memory assigned to process): 457M, peak: 457M
current process commit charge ("private bytes"): 555M, peak: 555M

vm_info: OpenJDK Client VM (17.0.11+9) for windows-x86 JRE (17.0.11+9), built on Apr 18 2024 18:23:17 by "admin" with MS VC++ 16.10 / 16.11 (VS2019)

END.
